strategy,scenario_id,drone_capacity,no_customers,total_time,A,drone_travel_distance,truck_travel_distance,X1,X2,utilization,avg_package_wait_time,avg_customer_wait_time,total_delay_time,avg_span_2,avg_span_3,avg_span_4,avg_nodropoffs_2,avg_nodropoffs_3,avg_nodropoffs_4
farthest_package_first_MPA,0,1,50,2457,2377,51737.79,2666.5,3996,11248,0.94,1215.75,1196.38,6120,2.0,-10,-10,1.0,-10,-10
farthest_package_first_MPA,1,1,50,3099,3029,72293.4,2555.4,5546,15080,0.91,1604.77,1703.4,7920,120.7,185.33,-10,1.0,1.0,-10
farthest_package_first_MPA,2,1,50,3442,3362,68714.35,2669.4,5242,14012,0.89,1524.68,1538.48,7200,79.12,185.0,-10,1.0,1.0,-10
farthest_package_first_MPA,3,1,50,2659,2555,62617.33,2277.62,4537,12812,0.94,1342.85,1335.46,6600,93.33,10.0,-10,1.0,1.0,-10
farthest_package_first_MPA,4,1,50,2390,2317,51410.8,2663.82,3949,11324,0.96,1231.52,1220.5,6240,213.0,-10,-10,1.0,-10,-10
farthest_package_first_MPA,5,1,50,3809,3724,61939.03,2640.25,4980,13090,0.88,1639.38,1666.32,6960,61.2,-10,269.0,1.0,-10,1.0
farthest_package_first_MPA,6,1,50,2918,2821,72981.18,2172.82,5339,14564,0.91,1504.82,1523.36,7320,169.0,237.0,298.5,1.0,1.0,1.0
farthest_package_first_MPA,7,1,50,3254,3142,70297.26,2737.84,5351,14646,0.91,1570.14,1562.1,7680,8.5,125.0,247.0,1.0,1.0,1.0
farthest_package_first_MPA,8,1,50,2980,2854,61323.96,3099.96,4599,12798,0.93,1406.39,1357.18,6720,144.5,92.5,-10,1.0,1.0,-10
farthest_package_first_MPA,9,1,50,2755,2667,62338.44,2959.0,4629,13372,0.96,1409.43,1417.7,7200,11.33,225.0,215.0,1.0,1.0,1.0
farthest_package_first_MPA,0,1,100,7675,7589,141024.71,2646.48,12214,29108,0.79,3635.16,3580.08,15120,78.22,254.0,281.0,1.0,1.0,1.0
farthest_package_first_MPA,1,1,100,6471,6377,140789.43,2508.64,12444,29532,0.79,3429.68,3472.54,15600,161.0,131.86,278.67,1.0,1.0,1.0
farthest_package_first_MPA,2,1,100,7214,7114,143914.16,2630.99,12368,28908,0.78,3425.02,3410.42,14640,75.17,104.0,317.25,1.0,1.0,1.0
farthest_package_first_MPA,3,1,100,6026,5940,132200.46,2031.3,11656,27978,0.8,3212.53,3305.18,14880,109.55,152.0,314.33,1.0,1.0,1.0
farthest_package_first_MPA,4,1,100,6252,6175,129481.84,2404.78,11071,26740,0.81,3104.4,3113.19,13920,100.22,139.5,346.0,1.0,1.0,1.0
farthest_package_first_MPA,5,1,100,6646,6528,135090.67,2856.36,11508,27302,0.79,3167.37,3250.28,13920,194.5,295.0,-10,1.0,1.0,-10
farthest_package_first_MPA,6,1,100,6805,6706,141264.61,2495.48,12007,28762,0.8,3367.97,3177.95,14760,114.91,120.33,267.0,1.0,1.0,1.0
farthest_package_first_MPA,7,1,100,7121,7040,138580.06,2271.2,11932,28256,0.79,3322.21,3371.08,14520,128.62,112.8,296.0,1.0,1.0,1.0
farthest_package_first_MPA,8,1,100,6542,6441,138119.64,2586.48,11558,27492,0.79,3230.37,3218.28,13800,3.0,296.0,313.0,1.0,1.0,1.0
farthest_package_first_MPA,9,1,100,7587,7465,153502.18,2681.72,13134,30456,0.77,3602.48,3595.67,15240,130.0,150.5,356.0,1.0,1.0,1.0
farthest_package_first_MPA,0,1,200,10832,10686,182586.91,6432.7,20338,48244,0.79,5419.11,5463.06,30240,58.94,95.64,257.25,1.0,1.0,1.0
farthest_package_first_MPA,1,1,200,11074,10951,190347.13,6335.12,21263,49516,0.78,5497.59,5460.38,30720,69.17,150.0,261.0,1.0,1.0,1.0
farthest_package_first_MPA,2,1,200,11119,10975,178594.68,8136.58,19576,46184,0.79,5236.31,5210.38,28560,82.44,190.0,214.0,1.0,1.0,1.0
farthest_package_first_MPA,3,1,200,11682,11535,170622.36,6280.9,18959,44798,0.79,5151.13,4898.16,27960,42.82,202.8,227.5,1.0,1.0,1.0
farthest_package_first_MPA,4,1,200,13902,13772,196094.31,6452.52,21753,50438,0.77,5914.26,5919.2,31080,93.16,201.12,236.38,1.0,1.0,1.0
farthest_package_first_MPA,5,1,200,10609,10480,172630.35,6314.12,18849,44282,0.78,4976.26,5006.1,27240,76.07,280.5,274.33,1.0,1.0,1.0
farthest_package_first_MPA,6,1,200,11631,11492,174526.28,7806.99,19134,45174,0.79,5191.52,5163.05,27960,108.05,66.5,268.5,1.0,1.0,1.0
farthest_package_first_MPA,7,1,200,10756,10626,179422.64,5810.8,20091,46970,0.78,5236.51,5192.3,29280,68.88,116.12,214.5,1.0,1.0,1.0
farthest_package_first_MPA,8,1,200,11597,11462,178365.37,6031.22,19481,46170,0.79,5200.87,5258.54,28560,64.5,181.71,318.0,1.0,1.0,1.0
farthest_package_first_MPA,9,1,200,12392,12273,185223.38,6306.67,20403,47910,0.78,5413.62,5436.04,29640,93.53,95.12,223.5,1.0,1.0,1.0
farthest_package_first_MPA,0,1,500,24304,24144,293624.08,13954.83,43508,104296,0.8,11261.15,11447.7,75600,39.04,106.71,208.0,1.0,1.0,1.0
farthest_package_first_MPA,1,1,500,24732,24634,282527.17,14038.29,41725,100766,0.81,11066.13,10731.19,73080,55.77,165.36,195.0,1.0,1.0,1.0
farthest_package_first_MPA,2,1,500,24940,24776,295711.13,15682.28,43457,104062,0.8,11380.57,11288.46,75120,79.73,118.0,215.75,1.0,1.0,1.0
farthest_package_first_MPA,3,1,500,21158,21049,275217.52,16075.43,40286,97122,0.8,10528.57,10415.3,70200,43.38,129.2,209.0,1.0,1.0,1.0
farthest_package_first_MPA,4,1,500,22504,22326,288154.92,14443.05,42873,103082,0.8,11065.25,11187.92,74880,72.55,130.74,214.17,1.0,1.0,1.0
farthest_package_first_MPA,5,1,500,22713,22606,280434.11,16431.82,40973,99086,0.81,10788.71,10902.31,71640,77.73,150.1,199.5,1.0,1.0,1.0
farthest_package_first_MPA,6,1,500,22373,22266,279465.86,16185.93,41597,101210,0.81,10982.18,10993.93,73920,67.15,150.86,187.78,1.0,1.0,1.0
farthest_package_first_MPA,7,1,500,24291,24120,299165.06,14908.34,43703,104530,0.8,11408.82,11325.04,75240,78.74,144.27,233.57,1.0,1.0,1.0
farthest_package_first_MPA,8,1,500,23198,23095,296996.25,16151.91,43148,103852,0.8,11329.89,11424.48,74760,59.02,143.39,215.0,1.0,1.0,1.0
farthest_package_first_MPA,9,1,500,23207,23047,286284.17,15418.85,42298,101838,0.8,10945.75,10945.81,73800,74.31,146.85,212.57,1.0,1.0,1.0
farthest_package_first_MPA,0,2,50,1987,1894,32409.9,2666.5,3259,9207,0.94,992.86,978.3,6000,0.0,-10,-10,0.5,-10,-10
farthest_package_first_MPA,1,2,50,2028,1958,40856.54,2555.4,3597,10399,0.96,1087.29,1113.64,6360,0.0,71.0,-10,0.5,0.67,-10
farthest_package_first_MPA,2,2,50,2191,2086,38972.73,2669.4,3474,9977,0.96,1067.25,1049.38,6120,0.0,33.0,-10,0.5,0.67,-10
farthest_package_first_MPA,3,2,50,2020,1914,36370.24,2277.62,3458,9721,0.94,1014.85,998.5,6120,0.0,29.0,-10,0.5,0.67,-10
farthest_package_first_MPA,4,2,50,1833,1747,31442.01,2663.82,3130,9106,0.97,979.46,971.18,6000,0.0,-10,-10,0.5,-10,-10
farthest_package_first_MPA,5,2,50,2612,2524,37816.12,2640.25,3516,9980,0.95,1188.76,1174.9,6240,0.0,-10,259.0,0.5,-10,0.75
farthest_package_first_MPA,6,2,50,2017,1931,41871.91,2172.82,3652,10506,0.96,1077.82,1072.64,6360,0.0,31.0,66.0,0.5,0.67,0.5
farthest_package_first_MPA,7,2,50,2157,2039,39712.67,2737.84,3576,10408,0.97,1122.08,1105.82,6480,0.0,237.0,17.0,0.5,0.67,0.5
farthest_package_first_MPA,8,2,50,2120,1994,37357.97,3099.96,3409,9936,0.97,1095.29,1043.86,6240,0.0,69.0,-10,0.5,0.67,-10
farthest_package_first_MPA,9,2,50,2137,2048,36723.75,2959.0,3545,10107,0.95,1072.53,1060.96,6480,0.0,22.0,460.0,0.5,0.67,0.75
farthest_package_first_MPA,0,2,100,5124,5038,84231.78,2646.48,8133,20817,0.85,2356.91,2297.32,12480,0.0,13.0,200.0,0.5,0.67,0.62
farthest_package_first_MPA,1,2,100,4620,4536,85742.49,2508.64,8575,21905,0.85,2300.09,2321.52,13440,0.0,157.71,398.67,0.5,0.67,0.67
farthest_package_first_MPA,2,2,100,4756,4656,90099.84,2630.99,8762,21759,0.83,2291.32,2269.1,12840,0.0,77.0,226.5,0.5,0.67,0.56
farthest_package_first_MPA,3,2,100,4065,3994,77438.22,2031.3,7848,20494,0.87,2071.27,2115.65,12840,0.0,266.0,319.0,0.5,0.67,0.67
farthest_package_first_MPA,4,2,100,4497,4420,79039.31,2404.78,7833,20170,0.86,2118.78,2110.23,12360,0.0,64.0,32.0,0.5,0.67,0.5
farthest_package_first_MPA,5,2,100,4885,4766,88305.42,2856.36,8430,21209,0.84,2203.09,2237.43,12480,0.0,118.25,-10,0.5,0.67,-10
farthest_package_first_MPA,6,2,100,4649,4557,85445.9,2495.48,8241,21054,0.85,2309.05,2161.13,12600,0.0,103.0,97.5,0.5,0.67,0.5
farthest_package_first_MPA,7,2,100,5009,4923,84342.66,2271.2,8261,21064,0.85,2242.32,2251.6,12720,0.0,242.0,184.0,0.5,0.67,0.5
farthest_package_first_MPA,8,2,100,4664,4563,84674.26,2586.48,8066,20736,0.86,2180.09,2157.92,12360,0.0,117.5,18.0,0.5,0.67,0.5
farthest_package_first_MPA,9,2,100,5067,4955,93589.5,2681.72,8829,21982,0.83,2310.66,2286.55,12720,0.0,64.0,146.0,0.5,0.67,0.5
farthest_package_first_MPA,0,2,200,8397,8252,120813.87,6432.7,15258,37806,0.83,3979.75,4006.06,25920,0.0,208.36,102.0,0.5,0.67,0.56
farthest_package_first_MPA,1,2,200,8141,7999,122146.85,6335.12,15438,37840,0.82,3994.52,3951.41,25800,0.0,332.92,65.33,0.5,0.67,0.5
farthest_package_first_MPA,2,2,200,8528,8383,118684.47,8136.58,14970,36765,0.82,3988.16,3946.99,25080,0.0,140.71,120.0,0.5,0.67,0.5
farthest_package_first_MPA,3,2,200,8736,8591,112964.99,6280.9,14668,36201,0.82,3940.44,3741.14,25080,0.0,67.8,36.75,0.5,0.67,0.5
farthest_package_first_MPA,4,2,200,10485,10355,130452.03,6452.52,16350,39257,0.8,4337.41,4320.06,26400,0.0,158.25,521.12,0.5,0.67,0.62
farthest_package_first_MPA,5,2,200,8179,8044,116224.43,6314.12,14636,36049,0.82,3801.25,3802.77,24600,0.0,229.5,34.33,0.5,0.67,0.5
farthest_package_first_MPA,6,2,200,8920,8779,116011.74,7806.99,14671,36259,0.82,3945.79,3910.21,24840,0.0,102.25,424.5,0.5,0.67,0.62
farthest_package_first_MPA,7,2,200,8364,8234,119068.41,5810.8,15183,37154,0.82,3927.98,3874.78,25440,0.0,125.0,101.0,0.5,0.67,0.5
farthest_package_first_MPA,8,2,200,8975,8841,119120.14,6031.22,14872,36813,0.83,3872.96,3902.02,25080,0.0,88.57,129.0,0.5,0.67,0.5
farthest_package_first_MPA,9,2,200,9441,9322,122193.5,6306.67,15306,37590,0.82,3945.89,3939.25,25560,0.0,127.88,270.75,0.5,0.67,0.56
farthest_package_first_MPA,0,2,500,19066,18902,203089.2,13954.83,33991,84005,0.82,8783.85,8913.78,64200,0.0,104.0,233.64,0.5,0.67,0.57
farthest_package_first_MPA,1,2,500,19416,19318,192381.95,14038.29,32709,81454,0.83,8808.9,8527.5,62640,0.0,147.91,180.0,0.5,0.67,0.56
farthest_package_first_MPA,2,2,500,19257,19093,200644.68,15682.28,33646,83547,0.83,8823.14,8739.86,63960,0.0,222.95,243.0,0.5,0.67,0.54
farthest_package_first_MPA,3,2,500,17391,17216,189711.54,16075.43,32460,81029,0.83,8585.13,8482.98,62520,0.0,153.6,83.17,0.5,0.67,0.5
farthest_package_first_MPA,4,2,500,17753,17575,193527.35,14443.05,33283,83203,0.83,8640.48,8718.84,64320,0.0,136.87,148.58,0.5,0.67,0.52
farthest_package_first_MPA,5,2,500,18242,18135,189014.77,16431.82,32883,82037,0.83,8597.63,8676.97,63600,0.0,195.2,226.38,0.5,0.67,0.56
farthest_package_first_MPA,6,2,500,17664,17557,184788.83,16185.93,32584,81821,0.84,8609.63,8600.39,63840,0.0,110.05,144.44,0.5,0.67,0.56
farthest_package_first_MPA,7,2,500,18675,18504,201192.81,14908.34,33866,84311,0.83,8916.3,8836.96,64680,0.0,143.77,104.43,0.5,0.67,0.57
farthest_package_first_MPA,8,2,500,18153,18046,197815.21,16151.91,33432,83274,0.83,8804.23,8860.55,63960,0.0,150.11,108.54,0.5,0.67,0.54
farthest_package_first_MPA,9,2,500,18570,18410,194904.38,15418.85,33556,83237,0.83,8793.08,8777.52,64200,0.0,267.15,355.57,0.5,0.67,0.57
farthest_package_first_MPA,0,3,50,1721,1628,26166.93,2666.5,3061,8586,0.93,927.41,916.96,6000,0.0,-10,-10,0.5,-10,-10
farthest_package_first_MPA,1,3,50,1848,1778,30576.35,2555.4,3215,9019,0.94,937.67,959.16,6000,0.0,0.0,-10,0.5,0.33,-10
farthest_package_first_MPA,2,3,50,2089,2000,30550.17,2669.4,3269,9020,0.92,965.4,944.34,6000,0.0,0.0,-10,0.5,0.33,-10
farthest_package_first_MPA,3,3,50,1742,1636,28658.21,2277.62,3114,8832,0.95,917.35,909.88,6000,0.0,0.0,-10,0.5,0.33,-10
farthest_package_first_MPA,4,3,50,1729,1603,25732.29,2663.82,3082,8538,0.92,925.1,913.5,6000,0.0,-10,-10,0.5,-10,-10
farthest_package_first_MPA,5,3,50,2383,2286,29374.84,2640.25,3299,9020,0.91,1055.19,1053.62,6120,0.0,-10,8.0,0.5,-10,0.5
farthest_package_first_MPA,6,3,50,1895,1799,33460.86,2172.82,3416,9549,0.93,978.98,964.6,6240,0.0,0.0,310.0,0.5,0.33,0.5
farthest_package_first_MPA,7,3,50,1915,1794,30562.37,2737.84,3218,9255,0.96,1007.91,977.4,6240,0.0,0.0,63.0,0.5,0.33,0.5
farthest_package_first_MPA,8,3,50,2080,1946,27496.78,3099.96,3294,8717,0.88,986.32,942.48,6000,0.0,0.0,-10,0.5,0.33,-10
farthest_package_first_MPA,9,3,50,1967,1882,28164.89,2959.0,3404,8902,0.87,977.53,965.08,6120,0.0,0.0,707.0,0.5,0.33,0.5
farthest_package_first_MPA,0,3,100,4415,4318,64465.49,2646.48,7058,18611,0.88,1987.7,1928.84,12240,0.0,0.0,204.5,0.5,0.33,0.5
farthest_package_first_MPA,1,3,100,3920,3836,65944.79,2508.64,7268,18867,0.87,1929.66,1904.13,12360,0.0,0.0,379.0,0.5,0.33,0.5
farthest_package_first_MPA,2,3,100,3961,3858,68600.89,2630.99,7457,19262,0.86,1933.37,1901.57,12480,0.0,0.0,211.0,0.5,0.33,0.5
farthest_package_first_MPA,3,3,100,3578,3493,58869.37,2031.3,6865,18171,0.88,1781.8,1781.27,12360,0.0,0.0,255.0,0.5,0.33,0.5
farthest_package_first_MPA,4,3,100,4029,3952,60976.87,2404.78,6729,18131,0.9,1816.4,1818.08,12120,0.0,0.0,227.0,0.5,0.33,0.5
farthest_package_first_MPA,5,3,100,4057,3939,65870.66,2856.36,7033,18501,0.88,1818.64,1832.43,12000,0.0,0.0,-10,0.5,0.33,-10
farthest_package_first_MPA,6,3,100,4052,3954,64641.6,2495.48,7040,18627,0.88,1942.62,1802.16,12240,0.0,0.0,149.5,0.5,0.33,0.5
farthest_package_first_MPA,7,3,100,4394,4308,64218.06,2271.2,6996,18458,0.88,1872.5,1878.69,12120,0.0,0.0,887.0,0.5,0.33,0.5
farthest_package_first_MPA,8,3,100,3999,3888,64842.04,2586.48,7042,18526,0.88,1883.77,1853.43,12120,0.0,0.0,309.0,0.5,0.33,0.5
farthest_package_first_MPA,9,3,100,4073,3961,68844.96,2681.72,7374,19041,0.86,1907.41,1902.57,12240,0.0,0.0,1104.0,0.5,0.33,0.5
farthest_package_first_MPA,0,3,200,7434,7289,98628.34,6432.7,13805,34169,0.83,3524.41,3546.38,24480,0.0,0.0,326.75,0.5,0.33,0.5
farthest_package_first_MPA,1,3,200,7326,7203,101360.69,6335.12,13853,34334,0.83,3536.18,3483.18,24360,0.0,0.0,99.0,0.5,0.33,0.5
farthest_package_first_MPA,2,3,200,7574,7430,95858.06,8136.58,13454,33666,0.83,3524.02,3478.59,24240,0.0,0.0,380.5,0.5,0.33,0.5
farthest_package_first_MPA,3,3,200,7897,7752,90402.0,6280.9,13114,33363,0.85,3511.4,3339.99,24480,0.0,0.0,665.25,0.5,0.33,0.5
farthest_package_first_MPA,4,3,200,9085,8955,105939.87,6452.52,14323,35384,0.82,3800.15,3755.24,24960,0.0,0.0,304.88,0.5,0.33,0.5
farthest_package_first_MPA,5,3,200,7566,7431,96905.5,6314.12,13537,33895,0.83,3446.36,3447.97,24360,0.0,0.0,83.0,0.5,0.33,0.5
farthest_package_first_MPA,6,3,200,8375,8234,100587.91,7806.99,13825,34124,0.82,3603.52,3567.01,24240,0.0,0.0,21.0,0.5,0.33,0.5
farthest_package_first_MPA,7,3,200,7560,7427,96376.94,5810.8,13588,33945,0.83,3519.03,3457.26,24480,0.0,0.0,148.0,0.5,0.33,0.5
farthest_package_first_MPA,8,3,200,8303,8169,99295.26,6031.22,13563,34008,0.84,3475.41,3490.16,24240,0.0,0.0,72.0,0.5,0.33,0.5
farthest_package_first_MPA,9,3,200,8646,8517,98809.63,6306.67,13649,34194,0.84,3556.15,3540.22,24480,0.0,0.0,205.75,0.5,0.33,0.5
farthest_package_first_MPA,0,3,500,17608,17448,170478.57,13954.83,31044,77927,0.84,7964.09,8073.5,61320,0.0,0.0,332.55,0.5,0.33,0.5
farthest_package_first_MPA,1,3,500,18180,18082,164745.94,14038.29,30486,77150,0.84,8222.31,7948.93,61080,0.0,0.0,85.11,0.5,0.33,0.5
farthest_package_first_MPA,2,3,500,17741,17574,172368.12,15682.28,31291,78248,0.83,8239.95,8151.5,61440,0.0,0.0,216.17,0.5,0.33,0.5
farthest_package_first_MPA,3,3,500,16466,16291,160041.83,16075.43,30125,76298,0.84,7974.94,7877.88,60720,0.0,0.0,156.33,0.5,0.33,0.5
farthest_package_first_MPA,4,3,500,16256,16078,161114.35,14443.05,30312,77126,0.85,7787.16,7846.58,61440,0.0,0.0,277.67,0.5,0.33,0.5
farthest_package_first_MPA,5,3,500,17056,16949,160580.0,16431.82,30378,76599,0.84,7887.72,7942.02,60960,0.0,0.0,224.38,0.5,0.33,0.5
farthest_package_first_MPA,6,3,500,16190,16083,153576.0,16185.93,29908,75991,0.85,7885.27,7862.74,61080,0.0,0.0,206.56,0.5,0.33,0.5
farthest_package_first_MPA,7,3,500,17169,16998,168557.18,14908.34,30825,77258,0.84,8153.45,8071.7,60840,0.0,0.0,125.43,0.5,0.33,0.5
farthest_package_first_MPA,8,3,500,17097,16985,171280.1,16151.91,31074,78251,0.84,8086.37,8138.99,61560,0.0,0.0,142.54,0.5,0.33,0.5
farthest_package_first_MPA,9,3,500,17268,17111,165611.57,15418.85,30949,76984,0.83,8074.21,8047.68,60840,0.0,0.0,434.14,0.5,0.33,0.5
farthest_package_first_MPA,0,4,50,1843,1752,22652.56,2666.5,2994,8237,0.92,896.86,879.74,6000,0.0,-10,-10,0.5,-10,-10
farthest_package_first_MPA,1,4,50,1747,1682,25600.17,2555.4,3017,8524,0.94,893.42,905.94,6000,0.0,0.0,-10,0.5,0.33,-10
farthest_package_first_MPA,2,4,50,1907,1827,25372.95,2669.4,3040,8504,0.93,925.23,889.5,6000,0.0,0.0,-10,0.5,0.33,-10
farthest_package_first_MPA,3,4,50,1783,1669,24937.94,2277.62,3033,8463,0.93,881.07,862.34,6000,0.0,0.0,-10,0.5,0.33,-10
farthest_package_first_MPA,4,4,50,1835,1735,22511.67,2663.82,3071,8217,0.89,884.35,869.74,6000,0.0,-10,-10,0.5,-10,-10
farthest_package_first_MPA,5,4,50,2324,2214,25763.69,2640.25,3353,8545,0.85,1000.41,996.62,6000,0.0,-10,0.0,0.5,-10,0.25
farthest_package_first_MPA,6,4,50,1765,1675,26124.37,2172.82,3030,8580,0.94,883.41,888.36,6000,0.0,0.0,0.0,0.5,0.33,0.25
farthest_package_first_MPA,7,4,50,1819,1701,26024.57,2737.84,2975,8566,0.96,911.17,890.72,6000,0.0,0.0,0.0,0.5,0.33,0.25
farthest_package_first_MPA,8,4,50,2051,1913,25570.06,3099.96,3261,8524,0.87,943.36,913.78,6000,0.0,0.0,-10,0.5,0.33,-10
farthest_package_first_MPA,9,4,50,1910,1821,24330.73,2959.0,3142,8399,0.89,901.52,898.1,6000,0.0,0.0,0.0,0.5,0.33,0.25
farthest_package_first_MPA,0,4,100,3951,3854,54346.56,2646.48,6459,17364,0.9,1812.13,1760.43,12000,0.0,0.0,0.0,0.5,0.33,0.25
farthest_package_first_MPA,1,4,100,3449,3365,52182.22,2508.64,6311,17142,0.91,1716.09,1666.3,12000,0.0,0.0,0.0,0.5,0.33,0.25
farthest_package_first_MPA,2,4,100,3587,3505,54700.2,2630.99,6671,17398,0.87,1707.1,1690.72,12000,0.0,0.0,0.0,0.5,0.33,0.25
farthest_package_first_MPA,3,4,100,3350,3279,50351.82,2031.3,6398,16960,0.88,1625.72,1629.98,12000,0.0,0.0,0.0,0.5,0.33,0.25
farthest_package_first_MPA,4,4,100,3833,3756,50567.71,2404.78,6265,16980,0.9,1681.37,1680.06,12000,0.0,0.0,0.0,0.5,0.33,0.25
farthest_package_first_MPA,5,4,100,3807,3689,57404.55,2856.36,6672,17662,0.88,1702.13,1711.56,12000,0.0,0.0,-10,0.5,0.33,-10
farthest_package_first_MPA,6,4,100,3802,3714,55583.34,2495.48,6586,17489,0.89,1831.76,1693.83,12000,0.0,0.0,0.0,0.5,0.33,0.25
farthest_package_first_MPA,7,4,100,4049,3968,52831.51,2271.2,6572,17210,0.87,1735.56,1714.13,12000,0.0,0.0,0.0,0.5,0.33,0.25
farthest_package_first_MPA,8,4,100,3869,3761,54136.19,2586.48,6464,17342,0.89,1742.78,1699.29,12000,0.0,0.0,0.0,0.5,0.33,0.25
farthest_package_first_MPA,9,4,100,3583,3471,56958.94,2681.72,6636,17623,0.89,1720.14,1685.96,12000,0.0,0.0,0.0,0.5,0.33,0.25
farthest_package_first_MPA,0,4,200,7006,6861,86614.15,6432.7,13018,32491,0.83,3291.52,3294.05,24000,0.0,0.0,0.0,0.5,0.33,0.25
farthest_package_first_MPA,1,4,200,6999,6876,87074.36,6335.12,12977,32560,0.84,3304.91,3255.46,24000,0.0,0.0,0.0,0.5,0.33,0.25
farthest_package_first_MPA,2,4,200,7363,7219,87466.4,8136.58,13021,32594,0.83,3370.0,3324.16,24000,0.0,0.0,0.0,0.5,0.33,0.25
farthest_package_first_MPA,3,4,200,7659,7514,81971.51,6280.9,12528,32046,0.85,3364.2,3189.11,24000,0.0,0.0,0.0,0.5,0.33,0.25
farthest_package_first_MPA,4,4,200,8427,8297,94957.46,6452.52,13527,33343,0.82,3522.46,3465.13,24000,0.0,0.0,0.0,0.5,0.33,0.25
farthest_package_first_MPA,5,4,200,7276,7142,87563.28,6314.12,13087,32603,0.83,3321.89,3319.66,24000,0.0,0.0,0.0,0.5,0.33,0.25
farthest_package_first_MPA,6,4,200,7698,7557,85317.47,7806.99,12825,32369,0.84,3363.25,3328.09,24000,0.0,0.0,0.0,0.5,0.33,0.25
farthest_package_first_MPA,7,4,200,7328,7195,86086.68,5810.8,12923,32452,0.84,3322.09,3248.83,24000,0.0,0.0,0.0,0.5,0.33,0.25
farthest_package_first_MPA,8,4,200,7908,7773,83096.77,6031.22,12737,32161,0.84,3220.7,3241.46,24000,0.0,0.0,0.0,0.5,0.33,0.25
farthest_package_first_MPA,9,4,200,8291,8167,89389.13,6306.67,13026,32782,0.84,3381.02,3351.71,24000,0.0,0.0,0.0,0.5,0.33,0.25
farthest_package_first_MPA,0,4,500,16710,16549,152391.59,13954.83,29519,74836,0.85,7548.72,7641.79,60000,0.0,0.0,0.0,0.5,0.33,0.25
farthest_package_first_MPA,1,4,500,17363,17265,147051.3,14038.29,29114,74327,0.85,7932.26,7668.36,60000,0.0,0.0,0.0,0.5,0.33,0.25
farthest_package_first_MPA,2,4,500,16571,16407,151470.98,15682.28,29493,74746,0.84,7810.18,7727.05,60000,0.0,0.0,0.0,0.5,0.33,0.25
farthest_package_first_MPA,3,4,500,15837,15662,143640.1,16075.43,28998,73967,0.85,7721.19,7627.45,60000,0.0,0.0,0.0,0.5,0.33,0.25
farthest_package_first_MPA,4,4,500,15543,15365,146676.69,14443.05,29035,74268,0.85,7429.8,7479.52,60000,0.0,0.0,0.0,0.5,0.33,0.25
farthest_package_first_MPA,5,4,500,16160,16053,142065.1,16431.82,28906,73814,0.85,7480.06,7523.16,60000,0.0,0.0,0.0,0.5,0.33,0.25
farthest_package_first_MPA,6,4,500,15689,15582,142501.49,16185.93,28797,73811,0.85,7653.59,7631.16,60000,0.0,0.0,0.0,0.5,0.33,0.25
farthest_package_first_MPA,7,4,500,16614,16443,152107.83,14908.34,29725,74796,0.84,7887.82,7800.97,60000,0.0,0.0,0.0,0.5,0.33,0.25
farthest_package_first_MPA,8,4,500,15920,15813,150664.26,16151.91,29256,74663,0.85,7640.4,7680.2,60000,0.0,0.0,0.0,0.5,0.33,0.25
farthest_package_first_MPA,9,4,500,16740,16583,152894.63,15418.85,29833,74889,0.84,7734.93,7717.79,60000,0.0,0.0,0.0,0.5,0.33,0.25
farthest_package_first,0,1,50,2457,2377,51737.79,2666.5,3996,11248,0.94,1215.75,1196.38,6120,2.0,-10,-10,1.0,-10,-10
farthest_package_first,1,1,50,3099,3029,72293.4,2555.4,5546,15080,0.91,1604.77,1703.4,7920,120.7,185.33,-10,1.0,1.0,-10
farthest_package_first,2,1,50,3442,3362,68714.35,2669.4,5242,14012,0.89,1524.68,1538.48,7200,79.12,185.0,-10,1.0,1.0,-10
farthest_package_first,3,1,50,2659,2555,62617.33,2277.62,4537,12812,0.94,1342.85,1335.46,6600,93.33,10.0,-10,1.0,1.0,-10
farthest_package_first,4,1,50,2390,2317,51410.8,2663.82,3949,11324,0.96,1231.52,1220.5,6240,213.0,-10,-10,1.0,-10,-10
farthest_package_first,5,1,50,3809,3724,61939.03,2640.25,4980,13090,0.88,1639.38,1666.32,6960,61.2,-10,269.0,1.0,-10,1.0
farthest_package_first,6,1,50,2918,2821,72981.18,2172.82,5339,14564,0.91,1504.82,1523.36,7320,169.0,237.0,298.5,1.0,1.0,1.0
farthest_package_first,7,1,50,3254,3142,70297.26,2737.84,5351,14646,0.91,1570.14,1562.1,7680,8.5,125.0,247.0,1.0,1.0,1.0
farthest_package_first,8,1,50,2980,2854,61323.96,3099.96,4599,12798,0.93,1406.39,1357.18,6720,144.5,92.5,-10,1.0,1.0,-10
farthest_package_first,9,1,50,2755,2667,62338.44,2959.0,4629,13372,0.96,1409.43,1417.7,7200,11.33,225.0,215.0,1.0,1.0,1.0
farthest_package_first,0,1,100,7675,7589,141024.71,2646.48,12214,29108,0.79,3635.16,3580.08,15120,78.22,254.0,281.0,1.0,1.0,1.0
farthest_package_first,1,1,100,6471,6377,140789.43,2508.64,12444,29532,0.79,3429.68,3472.54,15600,161.0,131.86,278.67,1.0,1.0,1.0
farthest_package_first,2,1,100,7214,7114,143914.16,2630.99,12368,28908,0.78,3425.02,3410.42,14640,75.17,104.0,317.25,1.0,1.0,1.0
farthest_package_first,3,1,100,6026,5940,132200.46,2031.3,11656,27978,0.8,3212.53,3305.18,14880,109.55,152.0,314.33,1.0,1.0,1.0
farthest_package_first,4,1,100,6252,6175,129481.84,2404.78,11071,26740,0.81,3104.4,3113.19,13920,100.22,139.5,346.0,1.0,1.0,1.0
farthest_package_first,5,1,100,6646,6528,135090.67,2856.36,11508,27302,0.79,3167.37,3250.28,13920,194.5,295.0,-10,1.0,1.0,-10
farthest_package_first,6,1,100,6805,6706,141264.61,2495.48,12007,28762,0.8,3367.97,3177.95,14760,114.91,120.33,267.0,1.0,1.0,1.0
farthest_package_first,7,1,100,7121,7040,138580.06,2271.2,11932,28256,0.79,3322.21,3371.08,14520,128.62,112.8,296.0,1.0,1.0,1.0
farthest_package_first,8,1,100,6542,6441,138119.64,2586.48,11558,27492,0.79,3230.37,3218.28,13800,3.0,296.0,313.0,1.0,1.0,1.0
farthest_package_first,9,1,100,7587,7465,153502.18,2681.72,13134,30456,0.77,3602.48,3595.67,15240,130.0,150.5,356.0,1.0,1.0,1.0
farthest_package_first,0,1,200,10832,10686,182586.91,6432.7,20338,48244,0.79,5419.11,5463.06,30240,58.94,95.64,257.25,1.0,1.0,1.0
farthest_package_first,1,1,200,11074,10951,190347.13,6335.12,21263,49516,0.78,5497.59,5460.38,30720,69.17,150.0,261.0,1.0,1.0,1.0
farthest_package_first,2,1,200,11119,10975,178594.68,8136.58,19576,46184,0.79,5236.31,5210.38,28560,82.44,190.0,214.0,1.0,1.0,1.0
farthest_package_first,3,1,200,11682,11535,170622.36,6280.9,18959,44798,0.79,5151.13,4898.16,27960,42.82,202.8,227.5,1.0,1.0,1.0
farthest_package_first,4,1,200,13902,13772,196094.31,6452.52,21753,50438,0.77,5914.26,5919.2,31080,93.16,201.12,236.38,1.0,1.0,1.0
farthest_package_first,5,1,200,10609,10480,172630.35,6314.12,18849,44282,0.78,4976.26,5006.1,27240,76.07,280.5,274.33,1.0,1.0,1.0
farthest_package_first,6,1,200,11631,11492,174526.28,7806.99,19134,45174,0.79,5191.52,5163.05,27960,108.05,66.5,268.5,1.0,1.0,1.0
farthest_package_first,7,1,200,10756,10626,179422.64,5810.8,20091,46970,0.78,5236.51,5192.3,29280,68.88,116.12,214.5,1.0,1.0,1.0
farthest_package_first,8,1,200,11597,11462,178365.37,6031.22,19481,46170,0.79,5200.87,5258.54,28560,64.5,181.71,318.0,1.0,1.0,1.0
farthest_package_first,9,1,200,12392,12273,185223.38,6306.67,20403,47910,0.78,5413.62,5436.04,29640,93.53,95.12,223.5,1.0,1.0,1.0
farthest_package_first,0,1,500,24304,24144,293624.08,13954.83,43508,104296,0.8,11261.15,11447.7,75600,39.04,106.71,208.0,1.0,1.0,1.0
farthest_package_first,1,1,500,24732,24634,282527.17,14038.29,41725,100766,0.81,11066.13,10731.19,73080,55.77,165.36,195.0,1.0,1.0,1.0
farthest_package_first,2,1,500,24940,24776,295711.13,15682.28,43457,104062,0.8,11380.57,11288.46,75120,79.73,118.0,215.75,1.0,1.0,1.0
farthest_package_first,3,1,500,21158,21049,275217.52,16075.43,40286,97122,0.8,10528.57,10415.3,70200,43.38,129.2,209.0,1.0,1.0,1.0
farthest_package_first,4,1,500,22504,22326,288154.92,14443.05,42873,103082,0.8,11065.25,11187.92,74880,72.55,130.74,214.17,1.0,1.0,1.0
farthest_package_first,5,1,500,22713,22606,280434.11,16431.82,40973,99086,0.81,10788.71,10902.31,71640,77.73,150.1,199.5,1.0,1.0,1.0
farthest_package_first,6,1,500,22373,22266,279465.86,16185.93,41597,101210,0.81,10982.18,10993.93,73920,67.15,150.86,187.78,1.0,1.0,1.0
farthest_package_first,7,1,500,24291,24120,299165.06,14908.34,43703,104530,0.8,11408.82,11325.04,75240,78.74,144.27,233.57,1.0,1.0,1.0
farthest_package_first,8,1,500,23198,23095,296996.25,16151.91,43148,103852,0.8,11329.89,11424.48,74760,59.02,143.39,215.0,1.0,1.0,1.0
farthest_package_first,9,1,500,23207,23047,286284.17,15418.85,42298,101838,0.8,10945.75,10945.81,73800,74.31,146.85,212.57,1.0,1.0,1.0
farthest_package_first,0,2,50,1991,1900,32475.63,2666.5,3263,9333,0.95,995.41,978.46,6120,58.0,-10,-10,1.0,-10,-10
farthest_package_first,1,2,50,2137,2067,41009.42,2555.4,3856,11132,0.96,1147.58,1205.68,7080,109.5,37.33,-10,0.8,0.67,-10
farthest_package_first,2,2,50,2191,2086,39117.48,2669.4,3569,10349,0.97,1086.08,1074.5,6480,57.62,99.0,-10,0.69,0.67,-10
farthest_package_first,3,2,50,2025,1919,37431.35,2277.62,3531,10067,0.95,1048.45,1045.86,6360,279.0,5.0,-10,0.83,0.67,-10
farthest_package_first,4,2,50,1901,1828,31429.43,2663.82,3198,9224,0.96,982.23,975.66,6120,113.5,-10,-10,0.75,-10,-10
farthest_package_first,5,2,50,2748,2663,37953.58,2640.25,3761,10352,0.92,1205.76,1218.0,6600,257.4,-10,259.0,0.8,-10,0.75
farthest_package_first,6,2,50,2019,1933,41637.34,2172.82,3696,10721,0.97,1097.51,1094.34,6600,239.0,89.0,12.0,0.83,0.67,0.5
farthest_package_first,7,2,50,2279,2167,39884.84,2737.84,3832,10904,0.95,1134.77,1127.8,6960,132.0,264.0,22.0,0.88,0.83,0.5
farthest_package_first,8,2,50,2203,2095,37289.05,3099.96,3492,10049,0.96,1098.84,1052.46,6360,105.5,69.0,-10,0.75,0.67,-10
farthest_package_first,9,2,50,2148,2059,36729.97,2959.0,3556,10227,0.96,1076.12,1071.66,6600,106.67,22.0,460.0,0.67,0.67,0.75
farthest_package_first,0,2,100,5283,5186,86295.03,2646.48,8474,21740,0.86,2434.83,2394.7,13200,84.94,87.0,173.0,0.67,0.67,0.62
farthest_package_first,1,2,100,4620,4536,85778.29,2508.64,8700,22269,0.85,2336.22,2357.95,13800,85.14,144.43,395.67,0.71,0.67,0.67
farthest_package_first,2,2,100,4860,4760,90685.78,2630.99,8934,22055,0.82,2324.54,2309.18,13080,132.33,119.0,221.25,0.67,0.67,0.56
farthest_package_first,3,2,100,4219,4148,77986.24,2031.3,8120,21026,0.86,2148.35,2210.69,13320,174.36,239.5,379.67,0.68,0.67,0.67
farthest_package_first,4,2,100,4561,4480,78680.44,2404.78,7933,20493,0.86,2167.62,2171.54,12720,136.22,4.5,20.0,0.67,0.67,0.5
farthest_package_first,5,2,100,4885,4766,87376.58,2856.36,8471,21357,0.84,2220.18,2270.37,12720,191.88,103.5,-10,0.62,0.67,-10
farthest_package_first,6,2,100,4663,4575,85493.48,2495.48,8295,21297,0.86,2328.85,2181.71,12840,37.0,102.0,101.0,0.59,0.67,0.5
farthest_package_first,7,2,100,5178,5097,84924.94,2271.2,8430,21359,0.84,2272.95,2299.07,12960,175.38,275.0,11.0,0.62,0.67,0.5
farthest_package_first,8,2,100,4743,4642,84988.83,2586.48,8260,21125,0.85,2219.86,2204.02,12720,116.75,42.5,18.0,0.69,0.67,0.5
farthest_package_first,9,2,100,5201,5089,95736.64,2681.72,9126,22672,0.83,2411.42,2398.89,13200,88.54,58.25,86.5,0.65,0.67,0.5
farthest_package_first,0,2,200,8553,8407,120992.34,6432.7,15592,38542,0.82,4095.5,4127.16,26640,100.44,193.73,124.25,0.67,0.67,0.56
farthest_package_first,1,2,200,8493,8367,124087.11,6335.12,16048,39107,0.81,4170.45,4146.06,26880,260.61,289.92,167.67,0.7,0.67,0.5
farthest_package_first,2,2,200,8666,8521,120457.73,8136.58,15223,37299,0.82,4061.92,4027.05,25440,85.72,133.14,120.0,0.58,0.67,0.5
farthest_package_first,3,2,200,8820,8675,113398.98,6280.9,14752,36483,0.82,3962.65,3766.33,25320,64.82,106.6,38.25,0.59,0.67,0.5
farthest_package_first,4,2,200,10579,10449,130521.24,6452.52,16469,39742,0.8,4354.22,4342.33,26880,79.58,152.88,535.88,0.61,0.67,0.62
farthest_package_first,5,2,200,8262,8129,114577.15,6314.12,14955,36724,0.82,3917.89,3931.11,25440,184.93,209.5,131.33,0.71,0.67,0.58
farthest_package_first,6,2,200,9201,9062,117750.36,7806.99,15023,36790,0.82,3997.91,3967.16,25200,46.53,104.75,258.5,0.58,0.67,0.62
farthest_package_first,7,2,200,8400,8270,120827.75,5810.8,15521,38048,0.82,4041.59,3992.28,26160,169.81,141.88,77.0,0.69,0.67,0.5
farthest_package_first,8,2,200,9175,9041,119191.95,6031.22,15198,37419,0.82,3954.23,3995.89,25680,165.94,109.86,49.0,0.64,0.67,0.5
farthest_package_first,9,2,200,9462,9343,122553.15,6306.67,15571,38222,0.82,4029.74,4031.16,26160,101.37,115.62,297.5,0.63,0.67,0.56
farthest_package_first,0,2,500,19228,19064,203639.33,13954.83,34470,85378,0.83,8904.85,9051.57,65520,160.11,101.29,244.64,0.6,0.67,0.57
farthest_package_first,1,2,500,19828,19730,193185.48,14038.29,33408,83084,0.83,8958.12,8675.5,64200,66.4,162.64,80.56,0.62,0.67,0.53
farthest_package_first,2,2,500,19577,19413,202200.06,15682.28,34394,85137,0.83,9030.27,8950.02,65400,72.44,153.95,245.08,0.61,0.68,0.54
farthest_package_first,3,2,500,17805,17630,191396.75,16075.43,33222,82981,0.83,8788.79,8699.82,64320,224.08,162.67,138.5,0.69,0.67,0.54
farthest_package_first,4,2,500,17953,17775,193576.68,14443.05,33805,84638,0.83,8793.13,8879.26,65760,105.5,110.7,155.92,0.63,0.68,0.52
farthest_package_first,5,2,500,18695,18588,193667.01,16431.82,33584,83808,0.83,8771.56,8854.9,64920,90.94,160.7,227.12,0.67,0.67,0.56
farthest_package_first,6,2,500,17819,17712,186491.39,16185.93,33155,83068,0.84,8812.74,8810.62,64920,54.96,117.95,170.78,0.6,0.67,0.56
farthest_package_first,7,2,500,18978,18807,203613.54,14908.34,34440,85623,0.83,9050.14,8977.56,65760,104.78,154.63,99.43,0.6,0.67,0.57
farthest_package_first,8,2,500,18704,18597,200474.42,16151.91,34354,85206,0.83,8999.06,9072.96,65640,141.81,156.11,112.62,0.65,0.67,0.54
farthest_package_first,9,2,500,19098,18941,198446.5,15418.85,34279,84900,0.83,8996.83,8996.7,65520,120.76,234.85,282.14,0.62,0.68,0.57
farthest_package_first,0,3,50,1721,1628,26166.93,2666.5,3061,8586,0.93,927.41,916.96,6000,0.0,-10,-10,0.5,-10,-10
farthest_package_first,1,3,50,1861,1781,30006.23,2555.4,3338,9438,0.94,981.74,1023.56,6480,16.5,195.0,-10,0.55,0.67,-10
farthest_package_first,2,3,50,2098,2009,30297.75,2669.4,3308,9470,0.95,997.62,973.9,6480,32.0,0.0,-10,0.75,0.33,-10
farthest_package_first,3,3,50,2052,1946,28837.98,2277.62,3424,9091,0.89,928.2,933.56,6240,41.67,523.0,-10,0.67,0.67,-10
farthest_package_first,4,3,50,1736,1647,26053.61,2663.82,3133,8689,0.92,925.83,914.5,6120,5.5,-10,-10,0.75,-10,-10
farthest_package_first,5,3,50,2320,2221,28236.04,2640.25,3242,9145,0.94,1058.88,1064.44,6360,41.6,-10,8.0,0.7,-10,0.5
farthest_package_first,6,3,50,2109,2013,33140.49,2172.82,3586,9758,0.91,985.39,998.42,6480,9.67,243.0,252.0,0.67,0.67,0.5
farthest_package_first,7,3,50,2075,1954,31359.0,2737.84,3366,9696,0.96,1016.31,1000.98,6600,166.0,58.0,57.0,0.75,0.5,0.5
farthest_package_first,8,3,50,2157,2023,27507.77,3099.96,3368,8957,0.89,992.86,975.42,6240,364.0,138.0,-10,0.75,0.5,-10
farthest_package_first,9,3,50,2086,2001,28198.94,2959.0,3523,9143,0.87,980.57,989.34,6360,63.67,0.0,707.0,0.83,0.33,0.5
farthest_package_first,0,3,100,4781,4684,69082.41,2646.48,7468,19428,0.87,2131.91,2085.59,12600,93.56,0.0,232.5,0.58,0.33,0.5
farthest_package_first,1,3,100,3911,3821,66044.43,2508.64,7307,19116,0.87,1923.38,1924.68,12600,37.57,5.43,293.67,0.57,0.38,0.5
farthest_package_first,2,3,100,4090,3990,68583.25,2630.99,7586,19380,0.85,1936.41,1913.05,12600,0.0,39.0,178.25,0.5,0.5,0.5
farthest_package_first,3,3,100,3571,3497,59610.99,2031.3,6885,18362,0.89,1786.97,1806.53,12480,45.0,0.0,289.67,0.55,0.33,0.5
farthest_package_first,4,3,100,4214,4137,63397.27,2404.78,7117,18851,0.88,1888.03,1911.47,12600,176.22,138.5,227.0,0.67,0.5,0.5
farthest_package_first,5,3,100,4179,4061,66705.56,2856.36,7224,18821,0.87,1858.66,1894.47,12240,161.88,35.0,-10,0.56,0.42,-10
farthest_package_first,6,3,100,4163,4075,64155.73,2495.48,7151,18936,0.88,1980.03,1838.75,12600,42.0,259.67,43.0,0.59,0.44,0.5
farthest_package_first,7,3,100,4550,4469,67154.93,2271.2,7411,19225,0.86,1942.12,1980.65,12600,44.0,139.0,955.0,0.62,0.47,0.5
farthest_package_first,8,3,100,4102,4001,65924.07,2586.48,7149,18872,0.88,1911.89,1894.35,12360,55.5,205.0,309.0,0.56,0.5,0.5
farthest_package_first,9,3,100,4336,4224,70907.86,2681.72,7719,19843,0.86,1980.83,1980.44,12840,87.31,188.5,536.0,0.62,0.5,0.5
farthest_package_first,0,3,200,7600,7455,102133.5,6432.7,14197,35235,0.83,3629.41,3665.05,25200,60.89,181.91,316.0,0.53,0.48,0.5
farthest_package_first,1,3,200,7561,7423,103089.94,6335.12,14318,35228,0.82,3660.45,3632.85,25080,72.09,126.25,101.67,0.54,0.44,0.5
farthest_package_first,2,3,200,8008,7864,100574.0,8136.58,13971,34847,0.83,3673.38,3637.39,24960,131.94,77.43,117.5,0.61,0.43,0.5
farthest_package_first,3,3,200,8126,7981,92861.38,6280.9,13500,34082,0.84,3599.81,3446.57,24960,172.82,619.8,426.25,0.55,0.53,0.5
farthest_package_first,4,3,200,9369,9239,107837.19,6452.52,14905,36413,0.81,3904.56,3895.91,25800,133.68,131.62,226.62,0.61,0.46,0.5
farthest_package_first,5,3,200,7696,7567,98356.82,6314.12,13757,34397,0.83,3510.76,3522.15,24720,13.64,350.0,50.0,0.54,0.67,0.5
farthest_package_first,6,3,200,8532,8391,100633.64,7806.99,13977,34607,0.83,3676.33,3637.06,24720,52.84,31.0,60.0,0.58,0.42,0.5
farthest_package_first,7,3,200,7734,7601,98241.45,5810.8,13944,34729,0.83,3582.82,3530.82,25080,109.19,48.12,128.0,0.56,0.46,0.5
farthest_package_first,8,3,200,8421,8287,100288.95,6031.22,13920,34823,0.83,3593.32,3628.84,24960,240.17,19.29,135.0,0.64,0.38,0.5
farthest_package_first,9,3,200,8811,8682,101137.03,6306.67,13985,35023,0.83,3641.77,3642.76,25080,107.74,21.88,72.25,0.58,0.42,0.5
farthest_package_first,0,3,500,18012,17852,171375.0,13954.83,31609,79451,0.84,8098.47,8223.77,62760,65.09,103.71,296.0,0.56,0.41,0.5
farthest_package_first,1,3,500,18351,18253,163759.33,14038.29,30901,77887,0.84,8351.99,8088.64,61920,49.32,193.27,81.67,0.53,0.42,0.5
farthest_package_first,2,3,500,18439,18273,175643.92,15682.28,32261,80961,0.84,8501.65,8433.46,63840,160.87,107.32,230.42,0.62,0.46,0.5
farthest_package_first,3,3,500,16627,16452,163183.25,16075.43,30603,77446,0.84,8104.37,8021.04,61560,14.11,172.07,144.83,0.51,0.47,0.5
farthest_package_first,4,3,500,16580,16402,163975.2,14443.05,30944,78371,0.84,7946.39,8018.76,62400,94.1,9.17,243.25,0.58,0.35,0.5
farthest_package_first,5,3,500,17464,17357,166147.9,16431.82,31419,79183,0.84,8185.13,8267.34,63000,116.36,272.6,246.25,0.62,0.47,0.53
farthest_package_first,6,3,500,16687,16580,158185.43,16185.93,30823,78236,0.85,8176.25,8171.58,62880,130.64,79.48,147.78,0.61,0.41,0.5
farthest_package_first,7,3,500,17777,17606,173357.68,14908.34,31806,79763,0.84,8460.81,8397.08,62880,76.22,129.27,118.86,0.58,0.44,0.5
farthest_package_first,8,3,500,17447,17335,174816.4,16151.91,31989,80153,0.84,8352.53,8421.48,63120,67.31,127.72,139.15,0.56,0.46,0.5
farthest_package_first,9,3,500,17619,17462,170262.03,15418.85,31700,78876,0.83,8283.94,8271.9,62280,55.95,100.38,322.43,0.56,0.42,0.5
farthest_package_first,0,4,50,1843,1752,22652.56,2666.5,2994,8237,0.92,896.86,879.74,6000,0.0,-10,-10,0.5,-10,-10
farthest_package_first,1,4,50,2005,1920,27040.52,2555.4,3499,9385,0.89,973.67,1001.12,6720,79.6,214.33,-10,0.65,0.67,-10
farthest_package_first,2,4,50,1907,1827,25428.2,2669.4,3095,8629,0.93,926.12,901.28,6120,64.75,0.0,-10,0.56,0.33,-10
farthest_package_first,3,4,50,1818,1705,24513.68,2277.62,3068,8539,0.93,884.35,872.26,6120,0.0,35.0,-10,0.5,0.67,-10
farthest_package_first,4,4,50,1976,1876,22663.41,2663.82,3212,8351,0.87,889.65,878.96,6120,163.0,-10,-10,0.75,-10,-10
farthest_package_first,5,4,50,2451,2341,25963.23,2640.25,3480,8803,0.84,1022.79,1035.36,6240,68.6,-10,302.0,0.6,-10,0.5
farthest_package_first,6,4,50,1765,1675,26984.67,2172.82,3122,8786,0.94,885.21,890.56,6120,0.0,0.0,55.0,0.5,0.33,0.38
farthest_package_first,7,4,50,1825,1707,25532.87,2737.84,3243,8996,0.92,929.09,929.74,6480,223.75,100.5,243.5,0.75,0.5,0.38
farthest_package_first,8,4,50,2171,2033,25670.53,3099.96,3247,8774,0.9,954.39,918.88,6240,97.5,9.0,-10,0.75,0.5,-10
farthest_package_first,9,4,50,1910,1821,24080.67,2959.0,3133,8613,0.92,887.33,920.92,6240,0.0,13.0,721.0,0.5,0.5,0.5
farthest_package_first,0,4,100,4381,4284,57879.61,2646.48,6978,18430,0.88,1918.37,1914.34,12720,149.72,1785.0,70.0,0.61,0.67,0.38
farthest_package_first,1,4,100,3735,3651,53817.06,2508.64,6649,17786,0.89,1771.39,1766.59,12480,192.71,234.14,72.33,0.64,0.38,0.33
farthest_package_first,2,4,100,3587,3505,56787.98,2630.99,6776,17845,0.88,1757.54,1735.79,12240,0.0,47.5,102.25,0.5,0.5,0.31
farthest_package_first,3,4,100,3361,3290,50070.01,2031.3,6350,17171,0.9,1633.86,1642.49,12240,0.0,0.0,116.0,0.5,0.33,0.42
farthest_package_first,4,4,100,3967,3886,51236.02,2404.78,6453,17528,0.91,1729.97,1757.41,12480,49.67,146.0,227.0,0.61,0.5,0.5
farthest_package_first,5,4,100,3656,3538,54352.92,2856.36,6521,17479,0.89,1681.41,1690.05,12120,60.0,0.0,-10,0.56,0.33,-10
farthest_package_first,6,4,100,3842,3754,55725.04,2495.48,6698,17860,0.89,1850.55,1726.46,12360,9.91,340.33,0.0,0.55,0.56,0.25
farthest_package_first,7,4,100,4245,4164,55937.05,2271.2,6768,17637,0.87,1773.61,1771.9,12120,0.0,48.6,0.0,0.5,0.4,0.25
farthest_package_first,8,4,100,3912,3811,55952.82,2586.48,6712,17881,0.89,1773.48,1774.93,12360,4.0,1377.5,309.0,0.56,0.5,0.5
farthest_package_first,9,4,100,3692,3580,57828.53,2681.72,6909,18070,0.87,1748.42,1733.1,12360,15.54,261.0,0.0,0.54,0.5,0.25
farthest_package_first,0,4,200,7386,7241,88351.58,6432.7,13463,33867,0.84,3434.29,3465.12,25200,65.11,209.18,323.5,0.56,0.48,0.44
farthest_package_first,1,4,200,7105,6979,88335.3,6335.12,13307,33403,0.84,3409.06,3375.88,24720,50.43,197.25,0.0,0.57,0.42,0.25
farthest_package_first,2,4,200,7594,7450,88881.83,8136.58,13362,33213,0.83,3443.73,3427.71,24480,43.78,657.57,0.0,0.53,0.48,0.25
farthest_package_first,3,4,200,7744,7599,84304.28,6280.9,12971,33113,0.85,3414.95,3283.43,24840,203.0,543.4,202.5,0.59,0.47,0.44
farthest_package_first,4,4,200,8766,8636,96192.95,6452.52,14051,34540,0.82,3638.53,3622.53,25080,20.74,175.88,343.75,0.53,0.5,0.38
farthest_package_first,5,4,200,7320,7191,86514.95,6314.12,13183,32860,0.83,3344.48,3350.29,24360,13.93,226.0,184.67,0.54,0.5,0.33
farthest_package_first,6,4,200,7794,7653,86442.33,7806.99,13006,32720,0.84,3388.73,3362.74,24240,81.74,0.0,222.5,0.53,0.33,0.38
farthest_package_first,7,4,200,7267,7134,86707.27,5810.8,13078,33232,0.85,3375.09,3313.57,24720,134.5,0.0,327.75,0.62,0.33,0.38
farthest_package_first,8,4,200,7964,7830,85492.84,6031.22,12904,32874,0.85,3281.58,3312.8,24480,94.06,70.71,0.0,0.58,0.38,0.25
farthest_package_first,9,4,200,8244,8125,89733.32,6306.67,13231,33296,0.84,3419.43,3403.18,24480,100.21,15.12,0.0,0.58,0.38,0.25
farthest_package_first,0,4,500,16825,16664,155367.89,13954.83,30176,76681,0.85,7649.38,7777.99,61560,81.35,217.33,279.55,0.54,0.4,0.36
farthest_package_first,1,4,500,17757,17659,147444.12,14038.29,29509,75321,0.85,8016.07,7757.11,60960,25.02,133.55,63.44,0.53,0.39,0.31
farthest_package_first,2,4,500,16891,16727,155518.98,15682.28,30147,76344,0.84,7946.89,7884.65,61200,41.96,106.11,204.5,0.54,0.39,0.31
farthest_package_first,3,4,500,15891,15716,144098.01,16075.43,29145,74847,0.86,7747.0,7662.31,60840,67.11,9.27,0.0,0.57,0.38,0.25
farthest_package_first,4,4,500,15745,15565,149521.43,14443.05,29567,75981,0.86,7655.42,7720.48,61440,41.62,95.43,134.33,0.52,0.43,0.31
farthest_package_first,5,4,500,16775,16668,146085.04,16431.82,29718,76116,0.85,7765.28,7836.42,61920,68.03,251.0,149.25,0.56,0.48,0.34
farthest_package_first,6,4,500,15971,15864,144852.22,16185.93,29416,75478,0.86,7784.38,7780.51,61440,44.72,180.1,145.0,0.54,0.41,0.33
farthest_package_first,7,4,500,16788,16617,154646.75,14908.34,30145,76120,0.84,7991.74,7918.42,61080,32.83,57.37,35.43,0.53,0.38,0.32
farthest_package_first,8,4,500,16185,16078,151055.74,16151.91,29626,75772,0.85,7752.52,7802.8,61080,44.0,36.33,41.54,0.54,0.37,0.31
farthest_package_first,9,4,500,17120,16963,155965.55,15418.85,30471,76149,0.83,7961.06,7955.08,60960,49.24,53.65,132.14,0.54,0.37,0.32
closest_package_first,0,1,50,2744,2542,51737.79,2666.5,4395,11248,0.85,990.96,1006.62,6120,155.0,-10,-10,1.0,-10,-10
closest_package_first,1,1,50,3487,3322,72293.4,2555.4,6234,15080,0.81,1300.42,1254.56,7920,84.6,264.33,-10,1.0,1.0,-10
closest_package_first,2,1,50,3741,3562,68714.35,2669.4,5585,14012,0.84,1274.02,1300.64,7200,79.12,175.0,-10,1.0,1.0,-10
closest_package_first,3,1,50,2840,2676,62617.33,2277.62,4799,12812,0.89,1113.15,1118.02,6600,83.0,26.0,-10,1.0,1.0,-10
closest_package_first,4,1,50,2612,2449,51410.8,2663.82,4243,11324,0.89,973.65,981.14,6240,16.0,-10,-10,1.0,-10,-10
closest_package_first,5,1,50,4228,4046,61939.03,2640.25,5453,13090,0.8,1354.31,1333.06,6960,13.6,-10,415.0,1.0,-10,1.0
closest_package_first,6,1,50,3144,2970,72981.18,2172.82,5787,14564,0.84,1252.3,1260.56,7320,22.0,201.0,279.5,1.0,1.0,1.0
closest_package_first,7,1,50,3609,3415,70297.26,2737.84,5936,14646,0.82,1267.58,1280.08,7680,96.5,102.0,339.5,1.0,1.0,1.0
closest_package_first,8,1,50,3226,3024,61323.96,3099.96,4943,12798,0.86,1173.96,1228.66,6720,96.5,44.0,-10,1.0,1.0,-10
closest_package_first,9,1,50,3072,2892,62338.44,2959.0,5029,13372,0.89,1191.77,1216.04,7200,20.67,243.5,211.0,1.0,1.0,1.0
closest_package_first,0,1,100,8362,8162,141024.71,2646.48,13556,29108,0.72,2770.08,2710.47,15120,99.06,173.0,337.5,1.0,1.0,1.0
closest_package_first,1,1,100,7076,6894,140789.43,2508.64,13598,29532,0.72,2736.47,2742.65,15600,75.29,201.71,336.33,1.0,1.0,1.0
closest_package_first,2,1,100,7844,7646,143914.16,2630.99,13514,28908,0.71,2750.79,2662.17,14640,101.33,239.0,386.25,1.0,1.0,1.0
closest_package_first,3,1,100,6549,6368,132200.46,2031.3,12776,27978,0.73,2545.33,2498.26,14880,144.18,181.0,261.0,1.0,1.0,1.0
closest_package_first,4,1,100,6820,6644,129481.84,2404.78,12128,26740,0.73,2469.47,2508.72,13920,65.44,273.5,335.0,1.0,1.0,1.0
closest_package_first,5,1,100,7188,6970,135090.67,2856.36,12484,27302,0.73,2565.59,2499.82,13920,136.88,204.5,-10,1.0,1.0,-10
closest_package_first,6,1,100,7383,7200,141264.61,2495.48,13176,28762,0.73,2672.1,2856.64,14760,90.64,215.67,189.0,1.0,1.0,1.0
closest_package_first,7,1,100,7689,7524,138580.06,2271.2,12916,28256,0.73,2695.73,2675.56,14520,120.88,276.0,207.0,1.0,1.0,1.0
closest_package_first,8,1,100,7094,6885,138119.64,2586.48,12643,27492,0.72,2532.64,2535.79,13800,100.62,47.0,498.0,1.0,1.0,1.0
closest_package_first,9,1,100,8083,7876,153502.18,2681.72,14102,30456,0.72,2906.18,2866.79,15240,99.08,228.25,309.0,1.0,1.0,1.0
closest_package_first,0,1,200,11407,11205,182586.91,6432.7,21500,48244,0.75,5121.57,5083.82,30240,88.78,144.09,276.25,1.0,1.0,1.0
closest_package_first,1,1,200,11623,11444,190347.13,6335.12,22244,49516,0.74,5205.25,5153.33,30720,76.04,177.75,245.33,1.0,1.0,1.0
closest_package_first,2,1,200,11731,11540,178594.68,8136.58,20630,46184,0.75,4989.67,4969.02,28560,90.06,169.86,261.5,1.0,1.0,1.0
closest_package_first,3,1,200,12281,12079,170622.36,6280.9,19970,44798,0.75,4868.43,4742.58,27960,104.0,157.8,222.0,1.0,1.0,1.0
closest_package_first,4,1,200,14472,14288,196094.31,6452.52,22776,50438,0.74,5618.12,5646.34,31080,75.0,176.88,274.5,1.0,1.0,1.0
closest_package_first,5,1,200,11095,10902,172630.35,6314.12,19679,44282,0.75,4658.47,4600.7,27240,56.14,285.0,309.33,1.0,1.0,1.0
closest_package_first,6,1,200,12178,11985,174526.28,7806.99,20134,45174,0.75,4908.49,4875.02,27960,91.89,148.5,268.5,1.0,1.0,1.0
closest_package_first,7,1,200,11214,11027,179422.64,5810.8,20948,46970,0.75,4885.81,5001.69,29280,94.81,143.0,236.75,1.0,1.0,1.0
closest_package_first,8,1,200,12114,11915,178365.37,6031.22,20624,46170,0.75,4884.34,4783.38,28560,100.56,175.29,318.0,1.0,1.0,1.0
closest_package_first,9,1,200,12990,12803,185223.38,6306.67,21671,47910,0.74,5108.69,5098.73,29640,89.32,165.62,238.5,1.0,1.0,1.0
closest_package_first,0,1,500,25071,24863,293624.08,13954.83,44893,104296,0.77,11279.73,11431.93,75600,67.45,131.86,207.0,1.0,1.0,1.0
closest_package_first,1,1,500,25518,25383,282527.17,14038.29,43204,100766,0.78,11080.42,10839.6,73080,79.27,148.55,186.78,1.0,1.0,1.0
closest_package_first,2,1,500,25729,25516,295711.13,15682.28,44932,104062,0.77,11367.6,11270.54,75120,71.31,143.89,221.58,1.0,1.0,1.0
closest_package_first,3,1,500,21927,21716,275217.52,16075.43,41639,97122,0.78,10505.4,10371.19,70200,78.41,156.27,208.17,1.0,1.0,1.0
closest_package_first,4,1,500,23216,22998,288154.92,14443.05,44264,103082,0.78,11053.1,11055.0,74880,78.57,134.22,220.58,1.0,1.0,1.0
closest_package_first,5,1,500,23526,23390,280434.11,16431.82,42423,99086,0.78,10808.68,10869.81,71640,60.42,133.7,222.75,1.0,1.0,1.0
closest_package_first,6,1,500,23192,23052,279465.86,16185.93,43120,101210,0.78,10999.5,11112.09,73920,71.83,125.43,180.89,1.0,1.0,1.0
closest_package_first,7,1,500,24973,24754,299165.06,14908.34,45178,104530,0.77,11371.16,11218.6,75240,65.54,148.97,232.29,1.0,1.0,1.0
closest_package_first,8,1,500,23881,23744,296996.25,16151.91,44607,103852,0.78,11326.25,11392.31,74760,54.88,142.5,209.92,1.0,1.0,1.0
closest_package_first,9,1,500,23913,23716,286284.17,15418.85,43540,101838,0.78,10921.08,10886.33,73800,67.38,145.62,197.0,1.0,1.0,1.0
closest_package_first,0,2,50,2243,2041,34258.26,2666.5,3530,9390,0.89,838.8,851.42,6000,0.0,-10,-10,0.5,-10,-10
closest_package_first,1,2,50,2581,2416,44774.26,2555.4,4310,11627,0.9,1040.29,1016.66,7200,135.0,291.0,-10,0.85,0.67,-10
closest_package_first,2,2,50,2412,2233,41261.05,2669.4,3794,10563,0.93,981.12,986.66,6480,17.5,195.0,-10,0.62,1.0,-10
closest_package_first,3,2,50,2088,1927,37266.71,2277.62,3677,10050,0.91,921.44,926.98,6360,110.67,516.0,-10,0.83,0.67,-10
closest_package_first,4,2,50,2038,1877,32900.74,2663.82,3619,9250,0.85,832.92,842.1,6000,0.0,-10,-10,0.5,-10,-10
closest_package_first,5,2,50,3173,3005,42082.42,2640.25,4218,10762,0.85,1086.38,1069.36,6600,103.8,-10,377.0,0.8,-10,0.75
closest_package_first,6,2,50,2166,2001,45531.78,2172.82,3995,10993,0.92,969.69,962.66,6480,67.0,28.0,252.0,0.67,0.67,0.5
closest_package_first,7,2,50,2208,2015,42541.59,2737.84,3764,10811,0.96,950.59,960.5,6600,10.25,107.5,102.5,0.62,0.67,0.5
closest_package_first,8,2,50,2152,1953,38230.02,3099.96,3513,10144,0.96,936.88,980.3,6360,0.0,356.5,-10,0.5,0.83,-10
closest_package_first,9,2,50,2176,1996,39623.92,2959.0,3590,10400,0.97,945.52,954.78,6480,0.0,133.5,560.0,0.5,0.67,0.75
closest_package_first,0,2,100,6310,6110,97333.32,2646.48,10081,22611,0.75,2103.6,2047.89,12960,47.94,37.0,186.0,0.61,0.67,0.62
closest_package_first,1,2,100,5702,5520,102074.32,2508.64,10581,23538,0.74,2060.93,2035.29,13440,21.86,175.43,122.67,0.57,0.71,0.5
closest_package_first,2,2,100,5559,5361,101505.35,2630.99,10159,23016,0.76,2051.61,1998.06,12960,289.83,120.5,126.25,0.67,0.67,0.5
closest_package_first,3,2,100,5328,5147,92966.0,2031.3,9626,22169,0.77,1936.17,1899.37,12960,36.18,373.5,515.33,0.55,0.67,0.67
closest_package_first,4,2,100,5931,5755,99033.77,2404.78,10136,22647,0.74,1982.24,2015.02,12840,202.0,338.5,276.0,0.72,0.67,0.5
closest_package_first,5,2,100,5804,5586,101062.43,2856.36,10234,22731,0.74,2003.76,1968.95,12720,328.62,523.5,-10,0.62,0.67,-10
closest_package_first,6,2,100,6013,5830,109172.6,2495.48,10810,23904,0.74,2008.48,2138.94,13080,70.91,116.33,148.0,0.68,0.67,0.5
closest_package_first,7,2,100,6530,6365,103685.16,2271.2,10692,23713,0.74,2179.23,2161.92,13440,84.5,179.6,207.0,0.81,0.67,0.75
closest_package_first,8,2,100,5875,5666,101796.35,2586.48,10151,22806,0.75,1994.62,1995.72,12720,138.75,89.0,131.0,0.69,0.67,0.5
closest_package_first,9,2,100,5953,5746,108282.76,2681.72,10550,23570,0.74,2080.97,2059.75,12840,5.23,625.5,79.0,0.54,0.67,0.5
closest_package_first,0,2,200,9421,9219,138971.67,6432.7,17502,39974,0.76,4110.74,4068.15,26280,51.72,107.0,77.75,0.58,0.67,0.56
closest_package_first,1,2,200,9744,9565,144483.21,6335.12,18085,40779,0.75,4236.01,4186.7,26520,49.04,206.67,88.33,0.61,0.69,0.5
closest_package_first,2,2,200,9842,9651,138439.77,8136.58,17248,39212,0.76,4116.95,4100.44,25560,107.67,126.14,104.5,0.61,0.67,0.5
closest_package_first,3,2,200,10129,9927,135368.64,6280.9,16883,38431,0.76,4030.42,3924.68,25080,0.0,103.2,93.0,0.5,0.67,0.5
closest_package_first,4,2,200,11251,11067,147772.36,6452.52,18059,41102,0.76,4274.26,4316.14,26520,57.42,419.88,193.0,0.58,0.71,0.53
closest_package_first,5,2,200,9543,9350,136909.0,6314.12,16992,38587,0.76,3948.1,3898.42,25080,116.14,70.0,61.33,0.64,0.67,0.5
closest_package_first,6,2,200,10043,9850,134964.96,7806.99,16816,38386,0.76,3977.03,3945.35,25080,21.89,105.5,127.0,0.55,0.67,0.62
closest_package_first,7,2,200,9814,9627,143161.2,5810.8,17848,40512,0.76,4067.85,4167.22,26400,98.25,101.62,316.25,0.66,0.71,0.62
closest_package_first,8,2,200,10466,10267,143589.37,6031.22,17882,40332,0.75,4287.78,4202.94,26160,137.22,150.57,212.0,0.72,0.67,0.62
closest_package_first,9,2,200,10965,10778,143069.62,6306.67,17891,40026,0.75,4182.91,4166.18,25920,41.37,69.12,177.5,0.55,0.67,0.62
closest_package_first,0,2,500,20951,20743,234608.73,13954.83,37384,87734,0.78,9325.83,9448.92,64800,15.67,87.52,99.91,0.56,0.67,0.52
closest_package_first,1,2,500,21663,21528,231462.35,14038.29,36846,86165,0.78,9511.82,9301.51,63480,17.72,78.45,67.67,0.56,0.67,0.56
closest_package_first,2,2,500,21329,21116,238829.3,15682.28,37489,88046,0.78,9491.58,9412.83,64680,40.06,85.32,72.67,0.57,0.67,0.52
closest_package_first,3,2,500,19469,19258,228163.07,16075.43,36359,85438,0.78,9216.34,9095.84,63120,39.35,111.67,43.0,0.57,0.67,0.5
closest_package_first,4,2,500,19566,19348,230912.69,14443.05,37184,87393,0.78,9358.96,9355.71,64800,20.31,88.61,91.83,0.54,0.67,0.54
closest_package_first,5,2,500,20347,20211,232272.69,16431.82,36887,86694,0.78,9231.63,9283.89,63960,16.94,74.25,122.0,0.55,0.68,0.53
closest_package_first,6,2,500,20089,19949,229659.51,16185.93,37026,86873,0.78,9406.99,9503.48,64440,81.51,88.43,63.67,0.57,0.67,0.5
closest_package_first,7,2,500,20863,20644,239999.43,14908.34,37712,88525,0.78,9547.16,9416.05,65040,28.61,73.67,88.29,0.53,0.68,0.54
closest_package_first,8,2,500,20272,20135,235993.39,16151.91,37243,87307,0.78,9380.3,9433.08,64200,25.85,98.83,84.69,0.54,0.67,0.5
closest_package_first,9,2,500,20537,20340,232255.51,15418.85,37153,87301,0.78,9323.18,9287.77,64560,19.74,90.54,106.43,0.55,0.67,0.54
closest_package_first,0,3,50,1816,1635,28400.82,2666.5,3217,8806,0.91,802.22,814.1,6000,0.0,-10,-10,0.5,-10,-10
closest_package_first,1,3,50,1947,1805,33569.89,2555.4,3410,9676,0.95,888.7,865.78,6360,15.9,253.0,-10,0.55,0.56,-10
closest_package_first,2,3,50,2123,1958,33001.7,2669.4,3408,9503,0.93,898.9,905.6,6240,63.75,10.0,-10,0.56,0.67,-10
closest_package_first,3,3,50,2097,1933,30759.11,2277.62,3484,9282,0.89,850.96,867.42,6240,141.33,366.0,-10,0.67,0.67,-10
closest_package_first,4,3,50,1941,1720,27792.24,2663.82,3328,8744,0.88,804.33,809.56,6000,0.0,-10,-10,0.5,-10,-10
closest_package_first,5,3,50,2748,2583,32918.5,2640.25,3751,9613,0.85,983.47,963.42,6360,128.0,-10,268.0,0.6,-10,0.75
closest_package_first,6,3,50,2027,1850,35329.36,2172.82,3688,10097,0.91,911.54,906.18,6600,194.33,657.0,157.5,0.67,0.67,0.62
closest_package_first,7,3,50,2023,1830,31252.64,2737.84,3379,9445,0.93,869.0,877.96,6360,0.0,92.5,41.5,0.5,0.5,0.5
closest_package_first,8,3,50,2076,1874,28224.77,3099.96,3383,9031,0.89,866.68,911.44,6240,0.0,334.5,-10,0.5,0.67,-10
closest_package_first,9,3,50,2221,2041,31054.22,2959.0,3805,9549,0.84,895.77,907.16,6480,76.33,192.0,555.0,0.67,0.67,0.5
closest_package_first,0,3,100,5805,5605,86091.49,2646.48,9408,21131,0.75,1875.94,1826.86,12600,21.94,276.0,114.0,0.56,0.67,0.5
closest_package_first,1,3,100,4962,4780,84714.27,2508.64,9375,21454,0.76,1830.69,1825.84,13080,259.29,225.29,298.33,0.71,0.48,0.5
closest_package_first,2,3,100,4952,4754,87115.03,2630.99,9417,21347,0.76,1840.33,1802.81,12720,31.17,38.5,356.5,0.58,0.5,0.5
closest_package_first,3,3,100,4855,4674,80766.48,2031.3,9237,20957,0.76,1805.48,1776.5,12960,101.09,634.5,581.33,0.64,0.67,0.5
closest_package_first,4,3,100,5397,5221,82094.58,2404.78,8988,20606,0.76,1740.03,1774.3,12480,145.33,420.5,673.0,0.61,0.5,0.5
closest_package_first,5,3,100,4872,4654,82916.33,2856.36,8938,20447,0.76,1769.72,1733.07,12240,20.62,275.0,-10,0.56,0.42,-10
closest_package_first,6,3,100,5549,5366,89360.74,2495.48,9496,21695,0.76,1827.77,1920.31,12840,124.0,0.0,359.0,0.68,0.33,0.62
closest_package_first,7,3,100,5637,5472,86246.44,2271.2,9263,21140,0.76,1850.43,1850.6,12600,95.38,309.4,42.0,0.62,0.47,0.5
closest_package_first,8,3,100,5602,5393,91621.46,2586.48,9614,21679,0.75,1850.97,1856.33,12600,172.5,122.0,133.0,0.62,0.67,0.5
closest_package_first,9,3,100,5305,5098,92396.35,2681.72,9788,21989,0.75,1946.35,1915.82,12840,27.31,166.0,357.0,0.62,0.42,0.62
closest_package_first,0,3,200,8797,8595,122813.79,6432.7,16316,37419,0.76,3818.84,3782.7,25320,120.56,19.0,140.0,0.61,0.42,0.5
closest_package_first,1,3,200,8836,8657,126415.44,6335.12,16550,37906,0.76,3873.93,3821.61,25440,52.91,137.08,82.33,0.57,0.5,0.5
closest_package_first,2,3,200,9138,8947,123357.65,8136.58,16140,37115,0.77,3808.77,3791.78,24960,93.0,0.0,78.0,0.67,0.33,0.5
closest_package_first,3,3,200,9740,9538,124110.69,6280.9,16210,37078,0.76,3839.34,3746.89,24840,229.64,33.4,99.5,0.59,0.4,0.5
closest_package_first,4,3,200,10756,10572,135169.77,6452.52,17189,39253,0.76,4045.36,4089.31,25920,79.89,331.62,267.88,0.55,0.5,0.56
closest_package_first,5,3,200,8782,8589,122174.58,6314.12,15940,36766,0.77,3628.32,3593.07,24720,40.21,765.0,79.0,0.57,0.5,0.5
closest_package_first,6,3,200,9509,9316,122410.68,7806.99,16027,36665,0.76,3740.18,3713.09,24600,35.89,264.25,46.5,0.53,0.5,0.5
closest_package_first,7,3,200,9242,9055,123861.16,5810.8,16163,37292,0.77,3600.7,3693.72,25080,57.0,114.25,335.75,0.59,0.42,0.5
closest_package_first,8,3,200,9478,9279,124195.11,6031.22,16286,37214,0.76,3796.6,3709.83,24960,65.83,14.0,98.5,0.61,0.43,0.5
closest_package_first,9,3,200,10339,10152,127803.05,6306.67,16563,37556,0.76,3856.92,3848.7,24960,126.47,2.88,130.5,0.58,0.38,0.5
closest_package_first,0,3,500,20070,19862,216077.68,13954.83,35310,83521,0.79,8745.24,8859.86,62400,27.6,113.24,62.91,0.53,0.43,0.5
closest_package_first,1,3,500,20866,20731,217876.55,14038.29,35510,83269,0.78,9169.0,8965.38,61920,15.4,39.91,71.56,0.53,0.42,0.5
closest_package_first,2,3,500,20088,19875,219175.58,15682.28,35553,83965,0.79,8967.98,8889.38,62520,17.35,54.89,66.0,0.54,0.42,0.5
closest_package_first,3,3,500,18713,18502,211800.55,16075.43,34742,82037,0.79,8736.13,8620.06,61320,28.46,53.73,71.5,0.53,0.4,0.5
closest_package_first,4,3,500,18782,18564,212135.34,14443.05,35175,83032,0.79,8749.43,8743.93,62280,55.98,37.0,103.33,0.55,0.38,0.5
closest_package_first,5,3,500,19374,19238,213887.97,16431.82,35130,82733,0.79,8810.52,8856.4,61800,42.42,68.0,90.62,0.53,0.4,0.53
closest_package_first,6,3,500,18939,18799,211923.7,16185.93,34972,82735,0.79,8791.41,8879.69,62040,40.11,74.71,120.78,0.53,0.41,0.5
closest_package_first,7,3,500,19713,19494,216795.29,14908.34,35251,83126,0.79,8932.19,8806.29,61920,20.67,41.2,105.57,0.54,0.39,0.5
closest_package_first,8,3,500,19754,19617,220195.11,16151.91,35818,84675,0.79,8987.49,9050.19,63120,93.27,47.61,75.08,0.59,0.41,0.5
closest_package_first,9,3,500,19441,19244,213080.22,15418.85,34974,83135,0.79,8840.86,8813.24,62280,48.52,123.88,210.14,0.57,0.41,0.5
closest_package_first,0,4,50,2206,2004,25256.16,2666.5,3466,8495,0.82,781.78,793.26,6000,0.0,-10,-10,0.5,-10,-10
closest_package_first,1,4,50,1867,1705,27248.06,2555.4,3262,9284,0.95,881.73,854.8,6600,115.6,83.67,-10,0.7,0.44,-10
closest_package_first,2,4,50,2020,1874,27916.04,2669.4,3209,8756,0.91,825.87,832.52,6000,0.0,0.0,-10,0.5,0.33,-10
closest_package_first,3,4,50,1888,1724,25688.08,2277.62,3311,8775,0.88,794.13,803.92,6240,170.0,0.0,-10,0.83,0.33,-10
closest_package_first,4,4,50,1906,1761,22582.11,2663.82,3205,8344,0.87,788.69,795.14,6120,118.5,-10,-10,0.75,-10,-10
closest_package_first,5,4,50,2445,2281,25956.82,2640.25,3418,8678,0.85,939.88,914.04,6120,37.8,-10,0.0,0.6,-10,0.25
closest_package_first,6,4,50,1954,1777,31090.2,2172.82,3460,9315,0.9,841.33,840.14,6240,0.0,360.0,29.5,0.5,0.67,0.38
closest_package_first,7,4,50,2089,1896,30684.15,2737.84,3441,9395,0.91,836.34,836.88,6360,51.25,20.0,148.5,0.62,0.5,0.38
closest_package_first,8,4,50,2052,1866,27840.03,3099.96,3331,8750,0.88,812.84,845.4,6000,0.0,0.0,-10,0.5,0.33,-10
closest_package_first,9,4,50,2019,1881,26871.94,2959.0,3271,8891,0.91,825.2,851.52,6240,0.0,209.0,336.0,0.5,0.5,0.5
closest_package_first,0,4,100,5521,5321,78468.02,2646.48,8860,20495,0.77,1808.13,1785.72,12720,149.72,187.0,98.5,0.61,0.67,0.38
closest_package_first,1,4,100,4528,4328,74841.31,2508.64,8522,20235,0.79,1695.3,1713.66,12840,277.29,164.43,338.33,0.64,0.48,0.42
closest_package_first,2,4,100,4648,4450,76495.4,2630.99,8602,20052,0.78,1692.65,1688.68,12480,21.33,0.0,752.25,0.58,0.33,0.44
closest_package_first,3,4,100,4671,4490,66667.17,2031.3,8172,19315,0.79,1609.83,1604.92,12720,153.18,174.5,503.0,0.59,0.5,0.5
closest_package_first,4,4,100,5052,4876,72439.66,2404.78,8360,19525,0.78,1652.4,1664.63,12360,116.33,266.5,0.0,0.61,0.5,0.25
closest_package_first,5,4,100,4800,4582,71828.58,2856.36,8288,19468,0.78,1658.93,1619.7,12360,5.38,205.5,-10,0.56,0.5,-10
closest_package_first,6,4,100,5175,4992,82805.78,2495.48,9036,20803,0.77,1669.41,1780.08,12600,68.64,0.0,428.5,0.64,0.33,0.5
closest_package_first,7,4,100,5469,5304,74013.2,2271.2,8466,19923,0.78,1716.4,1726.61,12600,1.12,347.4,106.0,0.56,0.53,0.5
closest_package_first,8,4,100,4868,4661,76131.38,2586.48,8616,19899,0.77,1633.49,1646.66,12360,503.5,0.0,0.0,0.69,0.33,0.25
closest_package_first,9,4,100,4759,4552,76181.06,2681.72,8772,20018,0.76,1709.84,1694.94,12480,40.62,135.75,173.0,0.58,0.42,0.38
closest_package_first,0,4,200,8111,7903,109666.03,6432.7,15202,35511,0.78,3509.77,3469.74,24720,103.78,16.45,351.75,0.58,0.36,0.38
closest_package_first,1,4,200,8355,8176,115493.15,6335.12,15666,36105,0.77,3605.88,3556.16,24720,152.43,57.25,0.0,0.57,0.42,0.25
closest_package_first,2,4,200,8830,8639,117075.4,8136.58,15695,36137,0.77,3643.86,3630.99,24600,82.61,0.0,173.0,0.61,0.33,0.38
closest_package_first,3,4,200,8971,8769,109272.74,6280.9,14803,34889,0.79,3502.76,3408.08,24120,0.0,33.0,0.0,0.5,0.4,0.25
closest_package_first,4,4,200,10094,9910,125040.35,6452.52,16192,37170,0.77,3693.04,3769.6,24840,58.37,0.0,478.62,0.55,0.33,0.41
closest_package_first,5,4,200,8517,8324,112293.86,6314.12,15346,35546,0.77,3471.73,3444.91,24480,179.29,83.0,61.0,0.57,0.5,0.33
closest_package_first,6,4,200,9293,9100,115324.02,7806.99,15539,35964,0.77,3623.71,3599.36,24600,49.37,292.75,0.0,0.55,0.58,0.25
closest_package_first,7,4,200,8919,8732,116715.52,5810.8,15659,36221,0.77,3442.55,3537.72,24720,78.12,101.88,354.5,0.56,0.38,0.44
closest_package_first,8,4,200,9178,8979,114777.43,6031.22,15806,36397,0.77,3679.52,3602.66,25080,66.17,318.57,416.0,0.58,0.52,0.5
closest_package_first,9,4,200,9967,9780,117714.32,6306.67,15968,36325,0.76,3672.63,3660.78,24720,35.32,47.38,130.0,0.55,0.42,0.38
closest_package_first,0,4,500,19044,18836,202898.35,13954.83,34177,81026,0.79,8392.67,8498.88,61200,45.71,95.43,0.0,0.55,0.4,0.25
closest_package_first,1,4,500,20368,20233,206291.33,14038.29,34574,81648,0.79,8890.51,8696.34,61440,64.25,38.18,60.22,0.56,0.39,0.33
closest_package_first,2,4,500,19727,19514,205697.11,15682.28,34642,81321,0.78,8751.81,8672.8,61200,41.94,89.53,79.42,0.56,0.37,0.29
closest_package_first,3,4,500,18081,17870,200883.56,16075.43,33662,80009,0.79,8474.41,8359.46,60360,2.62,64.0,0.0,0.51,0.38,0.25
closest_package_first,4,4,500,18105,17887,199038.98,14443.05,33913,80428,0.79,8420.42,8411.3,60960,23.76,63.87,52.67,0.52,0.38,0.31
closest_package_first,5,4,500,18588,18452,202056.86,16431.82,34131,80608,0.79,8451.78,8497.24,60840,16.27,64.25,101.38,0.52,0.38,0.34
closest_package_first,6,4,500,18684,18544,200780.83,16185.93,33989,80446,0.79,8489.77,8570.7,60840,49.87,37.1,0.0,0.54,0.38,0.25
closest_package_first,7,4,500,18847,18628,204704.05,14908.34,34150,80616,0.79,8557.02,8430.07,60600,10.61,6.63,17.43,0.53,0.34,0.29
closest_package_first,8,4,500,18725,18588,207355.26,16151.91,34184,81134,0.79,8560.63,8609.91,60840,26.0,52.67,0.0,0.54,0.39,0.25
closest_package_first,9,4,500,18817,18620,202253.02,15418.85,34128,81355,0.79,8522.88,8494.49,61560,63.4,85.19,163.57,0.58,0.38,0.32
most_packages_first,0,1,50,2639,2437,51737.79,2666.5,4268,11248,0.88,1110.82,1128.88,6120,606.0,-10,-10,1.0,-10,-10
most_packages_first,1,1,50,3445,3280,72293.4,2555.4,6094,15080,0.82,1474.91,1792.22,7920,1100.3,1185.0,-10,1.0,1.0,-10
most_packages_first,2,1,50,3538,3359,68714.35,2669.4,5330,14012,0.88,1381.62,1588.1,7200,850.75,834.0,-10,1.0,1.0,-10
most_packages_first,3,1,50,2959,2795,62617.33,2277.62,4849,12812,0.88,1224.04,1317.22,6600,1128.67,1464.0,-10,1.0,1.0,-10
most_packages_first,4,1,50,2571,2426,51410.8,2663.82,4262,11324,0.89,1107.56,1143.04,6240,718.0,-10,-10,1.0,-10,-10
most_packages_first,5,1,50,4072,3890,61939.03,2640.25,5321,13090,0.82,1471.33,1651.02,6960,1184.0,-10,791.0,1.0,-10,1.0
most_packages_first,6,1,50,3012,2835,72981.18,2172.82,5701,14564,0.85,1384.98,1601.5,7320,944.67,1032.0,1892.5,1.0,1.0,1.0
most_packages_first,7,1,50,3268,3108,70297.26,2737.84,5574,14646,0.88,1409.28,1685.34,7680,1258.25,1264.0,1046.0,1.0,1.0,1.0
most_packages_first,8,1,50,3145,2943,61323.96,3099.96,4752,12798,0.9,1266.45,1383.64,6720,680.0,976.0,-10,1.0,1.0,-10
most_packages_first,9,1,50,3020,2840,62338.44,2959.0,5029,13372,0.89,1272.38,1457.2,7200,849.33,601.5,737.0,1.0,1.0,1.0
most_packages_first,0,1,100,8257,8097,141024.71,2646.48,13284,29108,0.73,3252.4,3893.07,15120,2949.0,4853.0,4253.5,1.0,1.0,1.0
most_packages_first,1,1,100,6940,6784,140789.43,2508.64,13209,29532,0.75,3100.03,3814.66,15600,3372.43,3956.0,3219.67,1.0,1.0,1.0
most_packages_first,2,1,100,7374,7235,143914.16,2630.99,12828,28908,0.75,3042.23,3528.29,14640,2747.33,4200.0,4256.5,1.0,1.0,1.0
most_packages_first,3,1,100,6293,6172,132200.46,2031.3,12139,27978,0.77,2920.15,3477.09,14880,3235.82,3539.5,2741.67,1.0,1.0,1.0
most_packages_first,4,1,100,6861,6691,129481.84,2404.78,12025,26740,0.74,2760.96,3132.26,13920,2273.11,4470.5,4029.0,1.0,1.0,1.0
most_packages_first,5,1,100,6817,6656,135090.67,2856.36,12054,27302,0.75,2856.02,3232.07,13920,2896.0,3796.25,-10,1.0,1.0,-10
most_packages_first,6,1,100,7326,7174,141264.61,2495.48,13063,28762,0.73,2984.1,3539.92,14760,2607.73,2688.67,2672.0,1.0,1.0,1.0
most_packages_first,7,1,100,7496,7344,138580.06,2271.2,12516,28256,0.75,3041.19,3561.61,14520,2666.5,2668.4,1507.0,1.0,1.0,1.0
most_packages_first,8,1,100,6954,6745,138119.64,2586.48,12167,27492,0.75,2760.59,3107.78,13800,3334.88,3860.5,797.0,1.0,1.0,1.0
most_packages_first,9,1,100,7987,7808,153502.18,2681.72,13707,30456,0.74,3255.21,3904.39,15240,3491.62,3250.0,4158.5,1.0,1.0,1.0
most_packages_first,0,1,200,11256,11058,182586.91,6432.7,21055,48244,0.76,5294.94,5817.68,30240,2462.17,2760.0,3147.5,1.0,1.0,1.0
most_packages_first,1,1,200,11290,11126,190347.13,6335.12,21653,49516,0.76,5329.82,5863.63,30720,3178.74,3282.58,3149.33,1.0,1.0,1.0
most_packages_first,2,1,200,11489,11307,178594.68,8136.58,20140,46184,0.76,5085.49,5457.22,28560,2786.11,2541.43,3079.5,1.0,1.0,1.0
most_packages_first,3,1,200,12115,11913,170622.36,6280.9,19642,44798,0.76,4998.46,5162.22,27960,2328.45,2521.0,3621.75,1.0,1.0,1.0
most_packages_first,4,1,200,14145,13967,196094.31,6452.52,22379,50438,0.75,5721.43,6382.41,31080,2292.0,3523.25,4244.0,1.0,1.0,1.0
most_packages_first,5,1,200,10936,10753,172630.35,6314.12,19570,44282,0.75,4823.86,5086.98,27240,2022.57,2325.5,2498.0,1.0,1.0,1.0
most_packages_first,6,1,200,11961,11775,174526.28,7806.99,19768,45174,0.76,5029.09,5337.96,27960,2466.0,2781.75,2871.5,1.0,1.0,1.0
most_packages_first,7,1,200,11024,10853,179422.64,5810.8,20629,46970,0.76,5052.48,5524.89,29280,2234.5,2886.5,3289.5,1.0,1.0,1.0
most_packages_first,8,1,200,11894,11701,178365.37,6031.22,20205,46170,0.76,5058.36,5416.06,28560,2122.89,1949.71,3016.0,1.0,1.0,1.0
most_packages_first,9,1,200,12687,12500,185223.38,6306.67,21036,47910,0.76,5200.2,5685.6,29640,2648.68,2386.5,3343.5,1.0,1.0,1.0
most_packages_first,0,1,500,24711,24525,293624.08,13954.83,44226,104296,0.79,11277.85,11884.49,75600,2252.55,2542.67,2735.36,1.0,1.0,1.0
most_packages_first,1,1,500,25269,25137,282527.17,14038.29,42552,100766,0.79,11118.03,11216.42,73080,2383.2,1683.91,2612.56,1.0,1.0,1.0
most_packages_first,2,1,500,25360,25155,295711.13,15682.28,44141,104062,0.79,11349.2,11691.19,75120,2160.06,2354.11,2996.5,1.0,1.0,1.0
most_packages_first,3,1,500,21766,21555,275217.52,16075.43,41192,97122,0.79,10583.04,10757.15,70200,1598.43,2458.67,3017.67,1.0,1.0,1.0
most_packages_first,4,1,500,22923,22705,288154.92,14443.05,43702,103082,0.79,11075.47,11553.89,74880,2030.17,2231.13,2761.67,1.0,1.0,1.0
most_packages_first,5,1,500,23021,22886,280434.11,16431.82,41687,99086,0.79,10759.33,11177.31,71640,2174.39,1992.0,1946.12,1.0,1.0,1.0
most_packages_first,6,1,500,23064,22927,279465.86,16185.93,42716,101210,0.79,11052.06,11505.87,73920,1837.13,2411.24,2003.0,1.0,1.0,1.0
most_packages_first,7,1,500,24690,24474,299165.06,14908.34,44640,104530,0.78,11439.12,11774.95,75240,1969.02,2847.2,3086.29,1.0,1.0,1.0
most_packages_first,8,1,500,23556,23419,296996.25,16151.91,44031,103852,0.79,11332.43,11845.56,74760,2388.19,2745.67,2186.46,1.0,1.0,1.0
most_packages_first,9,1,500,23661,23471,286284.17,15418.85,42969,101838,0.79,10936.33,11315.04,73800,2342.86,2247.15,2521.0,1.0,1.0,1.0
most_packages_first,0,2,50,2123,1921,32320.95,2666.5,3403,9200,0.9,907.57,921.56,6000,0.0,-10,-10,0.5,-10,-10
most_packages_first,1,2,50,2127,1966,43247.25,2555.4,3661,10639,0.97,940.02,1115.52,6360,0.0,786.67,-10,0.5,0.67,-10
most_packages_first,2,2,50,2232,2053,39437.57,2669.4,3566,10024,0.94,915.17,1032.78,6120,0.0,518.0,-10,0.5,0.67,-10
most_packages_first,3,2,50,1960,1796,36563.4,2277.62,3507,9742,0.93,908.56,974.26,6120,0.0,977.0,-10,0.5,0.67,-10
most_packages_first,4,2,50,1843,1698,30945.58,2663.82,3231,9055,0.93,884.6,911.16,6000,0.0,-10,-10,0.5,-10,-10
most_packages_first,5,2,50,2991,2809,39138.34,2640.25,4056,9993,0.82,1013.81,1126.6,6120,0.0,-10,0.0,0.5,-10,0.5
most_packages_first,6,2,50,2153,1976,42352.87,2172.82,3867,10555,0.91,946.77,1085.48,6360,0.0,568.0,246.0,0.5,0.67,0.5
most_packages_first,7,2,50,2245,2098,41470.92,2737.84,4026,10584,0.88,940.2,1113.06,6480,0.0,955.0,70.5,0.5,0.67,0.5
most_packages_first,8,2,50,2222,2020,38376.35,3099.96,3591,10037,0.93,960.23,1044.9,6240,0.0,705.5,-10,0.5,0.67,-10
most_packages_first,9,2,50,2233,2053,37526.8,2959.0,3659,10071,0.92,910.22,1034.86,6360,0.0,473.5,0.0,0.5,0.67,0.5
most_packages_first,0,2,100,5687,5527,97609.46,2646.48,9510,22038,0.77,1951.63,2293.74,12360,0.0,3310.0,623.5,0.5,0.67,0.5
most_packages_first,1,2,100,5213,5057,98687.55,2508.64,9739,22956,0.79,1978.95,2431.23,13200,0.0,2799.86,488.0,0.5,0.67,0.5
most_packages_first,2,2,100,5428,5289,100535.75,2630.99,9568,22680,0.79,1986.59,2304.59,12720,0.0,2740.0,643.75,0.5,0.67,0.5
most_packages_first,3,2,100,4642,4518,88922.06,2031.3,8796,21398,0.81,1835.68,2166.01,12600,0.0,2554.0,283.33,0.5,0.67,0.5
most_packages_first,4,2,100,5342,5172,92272.68,2404.78,9258,21491,0.77,1863.1,2103.83,12360,0.0,3239.5,350.0,0.5,0.67,0.5
most_packages_first,5,2,100,5153,4989,94362.65,2856.36,9301,21817,0.78,1939.98,2189.93,12480,0.0,2803.25,-10,0.5,0.67,-10
most_packages_first,6,2,100,5401,5221,96154.76,2495.48,9647,22124,0.76,1859.38,2189.19,12600,0.0,1858.33,342.5,0.5,0.67,0.5
most_packages_first,7,2,100,5839,5687,96139.38,2271.2,9450,22241,0.78,1988.7,2325.77,12720,0.0,1857.4,207.0,0.5,0.67,0.5
most_packages_first,8,2,100,5475,5266,96614.37,2586.48,9535,21928,0.77,1892.5,2122.03,12360,0.0,2674.5,0.0,0.5,0.67,0.5
most_packages_first,9,2,100,5445,5266,106145.93,2681.72,9842,23233,0.79,1985.92,2364.77,12720,0.0,2020.5,594.5,0.5,0.67,0.5
most_packages_first,0,2,200,9111,8913,136399.49,6432.7,16786,39240,0.78,3923.06,4297.9,25800,0.0,2024.0,368.75,0.5,0.67,0.5
most_packages_first,1,2,200,8971,8807,137717.69,6335.12,16735,39388,0.78,3855.02,4208.12,25800,0.0,2451.5,479.67,0.5,0.67,0.5
most_packages_first,2,2,200,9157,8975,132441.93,8136.58,16163,38135,0.79,3854.43,4117.93,25080,0.0,1922.57,317.5,0.5,0.67,0.5
most_packages_first,3,2,200,9935,9733,129203.24,6280.9,16281,37821,0.77,3958.66,4072.33,25080,0.0,1909.6,482.5,0.5,0.67,0.5
most_packages_first,4,2,200,10985,10807,143425.67,6452.52,17431,40070,0.77,4033.96,4489.06,25920,0.0,2601.75,589.62,0.5,0.67,0.5
most_packages_first,5,2,200,9017,8834,129401.6,6314.12,15988,37364,0.78,3688.16,3884.57,24600,0.0,1754.0,141.67,0.5,0.67,0.5
most_packages_first,6,2,200,9808,9622,129941.53,7806.99,16146,37529,0.77,3850.24,4067.82,24720,0.0,2083.25,293.5,0.5,0.67,0.5
most_packages_first,7,2,200,9171,9000,132099.67,5810.8,16427,38453,0.78,3749.48,4097.05,25440,0.0,2258.88,313.75,0.5,0.67,0.5
most_packages_first,8,2,200,9708,9515,131397.02,6031.22,16306,38037,0.78,3822.72,4071.91,25080,0.0,1506.71,325.5,0.5,0.67,0.5
most_packages_first,9,2,200,10406,10219,137609.46,6306.67,16958,39005,0.77,3878.43,4222.69,25440,0.0,1880.12,390.0,0.5,0.67,0.5
most_packages_first,0,2,500,20133,19948,223918.39,13954.83,35659,85710,0.8,8871.9,9322.09,63840,0.0,2032.52,360.18,0.5,0.67,0.5
most_packages_first,1,2,500,20419,20287,216302.53,14038.29,34754,83584,0.8,8938.86,8977.36,62400,0.0,1413.55,308.0,0.5,0.67,0.5
most_packages_first,2,2,500,20364,20167,222516.91,15682.28,35711,85482,0.8,8999.13,9240.36,63720,0.0,1848.79,428.92,0.5,0.67,0.5
most_packages_first,3,2,500,18638,18427,213801.77,16075.43,34811,83407,0.8,8847.27,8971.54,62520,0.0,1932.93,297.5,0.5,0.67,0.5
most_packages_first,4,2,500,18727,18517,217017.94,14443.05,35539,85422,0.8,8875.17,9231.41,64200,0.0,1721.39,368.25,0.5,0.67,0.5
most_packages_first,5,2,500,19029,18894,212305.99,16431.82,34628,84109,0.81,8678.1,9000.95,63360,0.0,1543.65,236.38,0.5,0.67,0.5
most_packages_first,6,2,500,18899,18773,213117.2,16185.93,34995,84388,0.8,8867.65,9202.43,63600,0.0,1862.19,254.0,0.5,0.67,0.5
most_packages_first,7,2,500,20037,19821,225688.75,14908.34,36360,86509,0.79,9129.07,9366.31,64440,0.0,2099.13,462.86,0.5,0.67,0.5
most_packages_first,8,2,500,19268,19131,222102.69,16151.91,35506,85447,0.8,8949.36,9324.6,63720,0.0,2106.33,295.31,0.5,0.67,0.5
most_packages_first,9,2,500,19634,19444,218602.76,15418.85,35467,85344,0.8,8872.0,9151.32,63960,0.0,1750.46,391.43,0.5,0.67,0.5
most_packages_first,0,3,50,1785,1639,27113.78,2666.5,3144,8681,0.92,858.06,871.06,6000,0.0,-10,-10,0.5,-10,-10
most_packages_first,1,3,50,1781,1630,30470.8,2555.4,3227,9250,0.96,818.64,954.74,6240,132.8,0.0,-10,0.6,0.33,-10
most_packages_first,2,3,50,2165,2000,32777.82,2669.4,3390,9363,0.92,849.38,955.02,6120,28.75,0.0,-10,0.56,0.33,-10
most_packages_first,3,3,50,1976,1812,28344.44,2277.62,3338,8803,0.88,823.51,880.7,6000,0.0,0.0,-10,0.5,0.33,-10
most_packages_first,4,3,50,1781,1618,26955.03,2663.82,3188,8660,0.91,840.1,864.88,6000,0.0,-10,-10,0.5,-10,-10
most_packages_first,5,3,50,2805,2623,31469.0,2640.25,3826,9349,0.81,937.97,1045.94,6240,0.8,-10,343.0,0.6,-10,0.5
most_packages_first,6,3,50,2015,1838,33809.34,2172.82,3542,9585,0.9,847.33,974.0,6240,0.0,0.0,963.0,0.5,0.33,0.5
most_packages_first,7,3,50,2123,1976,33120.23,2737.84,3584,9514,0.88,822.48,972.78,6240,0.0,0.0,669.0,0.5,0.33,0.5
most_packages_first,8,3,50,2119,1917,28310.28,3099.96,3304,8796,0.89,852.32,924.04,6000,0.0,0.0,-10,0.5,0.33,-10
most_packages_first,9,3,50,2040,1900,28142.49,2959.0,3340,8897,0.89,813.95,923.44,6120,0.0,0.0,337.0,0.5,0.33,0.5
most_packages_first,0,3,100,5069,4909,79142.34,2646.48,8316,20196,0.81,1690.59,1973.28,12360,69.39,0.0,2587.5,0.53,0.33,0.5
most_packages_first,1,3,100,4384,4228,74365.3,2508.64,8123,19709,0.81,1535.29,1872.86,12360,0.0,0.0,1589.33,0.5,0.33,0.5
most_packages_first,2,3,100,4614,4460,82589.43,2630.99,8506,20659,0.81,1690.58,1972.64,12480,0.0,0.0,2174.5,0.5,0.33,0.5
most_packages_first,3,3,100,4213,4059,71222.73,2031.3,8057,19403,0.8,1586.77,1866.61,12360,0.0,0.0,2014.67,0.5,0.33,0.5
most_packages_first,4,3,100,4917,4747,73620.05,2404.78,8214,19397,0.79,1603.96,1802.52,12120,0.0,0.0,2328.0,0.5,0.33,0.5
most_packages_first,5,3,100,4681,4498,76553.31,2856.36,8373,19693,0.78,1649.02,1852.01,12120,252.62,0.0,-10,0.56,0.33,-10
most_packages_first,6,3,100,4803,4623,78122.36,2495.48,8311,20091,0.81,1619.28,1899.62,12360,77.09,0.0,1611.5,0.55,0.33,0.5
most_packages_first,7,3,100,5155,5003,78191.89,2271.2,8179,19859,0.81,1671.16,1943.16,12120,0.0,0.0,1069.0,0.5,0.33,0.5
most_packages_first,8,3,100,4912,4706,82360.35,2586.48,8772,20393,0.77,1658.93,1853.23,12240,382.5,0.0,442.0,0.56,0.33,0.5
most_packages_first,9,3,100,4937,4758,85894.84,2681.72,8803,20982,0.79,1677.12,1983.86,12480,352.38,0.0,933.0,0.58,0.33,0.5
most_packages_first,0,3,200,8112,7914,115353.26,6432.7,15179,35835,0.79,3384.47,3706.55,24480,0.0,0.0,2161.75,0.5,0.33,0.5
most_packages_first,1,3,200,8182,8012,115636.04,6335.12,15038,35757,0.79,3339.31,3632.53,24360,0.0,0.0,2188.67,0.5,0.33,0.5
most_packages_first,2,3,200,8475,8293,108138.28,8136.58,14656,35005,0.8,3351.7,3574.66,24360,67.72,0.0,2111.5,0.53,0.33,0.5
most_packages_first,3,3,200,9265,9063,113991.45,6280.9,15289,35833,0.78,3582.38,3692.2,24600,166.91,0.0,2739.75,0.55,0.33,0.5
most_packages_first,4,3,200,10073,9895,124442.81,6452.52,16049,37345,0.78,3629.56,4042.18,25080,19.16,0.0,2752.0,0.53,0.33,0.5
most_packages_first,5,3,200,8554,8371,114214.91,6314.12,15213,35615,0.78,3423.15,3603.88,24360,0.0,0.0,1820.0,0.5,0.33,0.5
most_packages_first,6,3,200,8950,8764,110286.42,7806.99,14724,35090,0.79,3393.43,3586.51,24240,0.0,0.0,1620.0,0.5,0.33,0.5
most_packages_first,7,3,200,8528,8357,115180.17,5810.8,15117,35819,0.79,3332.91,3643.14,24480,0.0,0.0,2140.75,0.5,0.33,0.5
most_packages_first,8,3,200,9129,8936,113673.99,6031.22,15115,35442,0.78,3431.98,3647.99,24240,0.0,0.0,1934.0,0.5,0.33,0.5
most_packages_first,9,3,200,9546,9359,113802.54,6306.67,15290,35806,0.78,3468.35,3749.59,24600,112.95,0.0,2204.0,0.53,0.33,0.5
most_packages_first,0,3,500,18982,18797,199099.36,13954.83,33571,80885,0.8,8214.0,8619.26,61440,24.31,0.0,1733.36,0.51,0.33,0.5
most_packages_first,1,3,500,19726,19594,197314.35,14038.29,33363,80512,0.8,8539.56,8563.53,61200,54.37,0.0,1710.22,0.51,0.33,0.5
most_packages_first,2,3,500,19066,18861,199795.25,15682.28,33598,80959,0.8,8334.4,8552.44,61440,0.0,0.0,2179.42,0.5,0.33,0.5
most_packages_first,3,3,500,17492,17289,186018.69,16075.43,32375,78995,0.81,8206.56,8311.89,60840,55.51,0.0,2283.5,0.51,0.33,0.5
most_packages_first,4,3,500,17606,17397,190957.3,14443.05,33132,80224,0.81,8066.63,8384.2,61560,34.76,0.0,1882.25,0.51,0.33,0.5
most_packages_first,5,3,500,18134,17999,189385.77,16431.82,32649,79572,0.81,8116.32,8406.71,61080,38.03,0.0,1397.88,0.52,0.33,0.5
most_packages_first,6,3,500,18021,17884,191858.21,16185.93,33068,80022,0.81,8275.65,8575.14,61320,25.87,0.0,1178.56,0.52,0.33,0.5
most_packages_first,7,3,500,18562,18346,197632.79,14908.34,33341,80269,0.8,8298.85,8490.0,60960,29.54,0.0,2147.71,0.51,0.33,0.5
most_packages_first,8,3,500,18374,18237,199116.52,16151.91,33421,81024,0.81,8271.6,8621.45,61560,0.0,0.0,1561.23,0.5,0.33,0.5
most_packages_first,9,3,500,18205,18015,191324.62,15418.85,32836,79543,0.81,8165.37,8402.41,60840,0.0,0.0,1724.43,0.5,0.33,0.5
most_packages_first,0,4,50,1943,1741,22330.36,2666.5,3102,8207,0.88,824.92,837.26,6000,0.0,-10,-10,0.5,-10,-10
most_packages_first,1,4,50,2033,1868,26881.79,2555.4,3345,8774,0.87,789.48,911.36,6120,66.0,0.0,-10,0.55,0.33,-10
most_packages_first,2,4,50,1967,1810,27547.0,2669.4,3080,8720,0.94,787.0,875.32,6000,0.0,0.0,-10,0.5,0.33,-10
most_packages_first,3,4,50,1818,1673,24507.27,2277.62,3137,8422,0.89,786.0,839.44,6000,0.0,0.0,-10,0.5,0.33,-10
most_packages_first,4,4,50,1925,1780,21813.76,2663.82,3246,8148,0.84,812.71,836.4,6000,0.0,-10,-10,0.5,-10,-10
most_packages_first,5,4,50,2354,2172,26879.16,2640.25,3316,8653,0.87,855.03,949.66,6000,0.0,-10,0.0,0.5,-10,0.25
most_packages_first,6,4,50,1907,1736,28646.19,2172.82,3355,8831,0.88,772.11,882.24,6000,0.0,0.0,0.0,0.5,0.33,0.25
most_packages_first,7,4,50,1804,1630,26692.86,2737.84,3121,8636,0.92,739.45,864.1,6000,0.0,0.0,0.0,0.5,0.33,0.25
most_packages_first,8,4,50,1969,1782,25735.09,3099.96,3191,8543,0.89,818.93,886.64,6000,0.0,0.0,-10,0.5,0.33,-10
most_packages_first,9,4,50,1967,1787,25522.39,2959.0,3277,8521,0.87,763.07,862.38,6000,0.0,0.0,0.0,0.5,0.33,0.25
most_packages_first,0,4,100,4804,4644,66096.72,2646.48,7755,18899,0.81,1564.72,1810.57,12360,251.06,0.0,0.0,0.58,0.33,0.25
most_packages_first,1,4,100,3953,3797,63091.53,2508.64,7478,18231,0.81,1380.94,1657.52,12000,0.0,0.0,0.0,0.5,0.33,0.25
most_packages_first,2,4,100,4129,3965,72870.26,2630.99,7868,19335,0.82,1508.66,1750.61,12120,198.67,0.0,0.0,0.58,0.33,0.25
most_packages_first,3,4,100,3747,3593,57608.29,2031.3,7194,17690,0.82,1390.6,1615.46,12000,0.0,0.0,0.0,0.5,0.33,0.25
most_packages_first,4,4,100,4498,4328,61112.41,2404.78,7459,18036,0.81,1461.73,1631.38,12000,0.0,0.0,0.0,0.5,0.33,0.25
most_packages_first,5,4,100,4082,3899,61019.53,2856.36,7445,18027,0.81,1467.0,1633.13,12000,0.0,0.0,-10,0.5,0.33,-10
most_packages_first,6,4,100,4457,4277,64819.72,2495.48,7681,18411,0.8,1434.67,1661.48,12000,0.0,0.0,0.0,0.5,0.33,0.25
most_packages_first,7,4,100,4796,4644,60791.56,2271.2,7250,18122,0.83,1526.53,1764.07,12120,314.12,0.0,0.0,0.56,0.33,0.25
most_packages_first,8,4,100,4760,4554,70827.64,2586.48,7942,19007,0.8,1514.4,1683.02,12000,0.0,0.0,0.0,0.5,0.33,0.25
most_packages_first,9,4,100,4290,4111,72059.96,2681.72,7860,19128,0.81,1473.0,1707.35,12000,0.0,0.0,0.0,0.5,0.33,0.25
most_packages_first,0,4,200,7628,7430,100197.6,6432.7,14036,33854,0.8,3125.8,3395.11,24000,0.0,0.0,0.0,0.5,0.33,0.25
most_packages_first,1,4,200,7680,7527,101271.18,6335.12,14168,34328,0.81,3155.73,3417.24,24360,329.39,0.0,0.0,0.57,0.33,0.25
most_packages_first,2,4,200,8154,7972,102819.76,8136.58,14178,34124,0.8,3228.75,3432.66,24000,0.0,0.0,0.0,0.5,0.33,0.25
most_packages_first,3,4,200,8730,8528,105448.49,6280.9,14419,34381,0.79,3392.36,3479.5,24000,0.0,0.0,0.0,0.5,0.33,0.25
most_packages_first,4,4,200,9325,9147,114869.38,6452.52,15170,35440,0.78,3282.81,3647.33,24120,42.0,0.0,0.0,0.53,0.33,0.25
most_packages_first,5,4,200,8113,7930,101526.07,6314.12,14372,33989,0.79,3203.22,3365.55,24000,0.0,0.0,0.0,0.5,0.33,0.25
most_packages_first,6,4,200,8751,8565,103586.58,7806.99,14568,34190,0.78,3352.7,3525.67,24000,0.0,0.0,0.0,0.5,0.33,0.25
most_packages_first,7,4,200,8074,7903,100022.58,5810.8,14144,33837,0.8,3064.26,3334.51,24000,0.0,0.0,0.0,0.5,0.33,0.25
most_packages_first,8,4,200,8697,8504,104193.69,6031.22,14653,34497,0.78,3289.46,3486.5,24240,60.67,0.0,0.0,0.56,0.33,0.25
most_packages_first,9,4,200,9024,8837,104084.57,6306.67,14486,34248,0.79,3203.94,3457.26,24000,0.0,0.0,0.0,0.5,0.33,0.25
most_packages_first,0,4,500,17972,17777,182202.57,13954.83,32099,78261,0.81,7772.42,8145.89,60480,63.69,8.81,0.0,0.53,0.35,0.25
most_packages_first,1,4,500,18917,18785,185696.53,14038.29,32319,78886,0.81,8193.88,8212.21,60720,166.08,0.0,0.0,0.55,0.33,0.25
most_packages_first,2,4,500,18239,18042,182005.99,15682.28,32213,78490,0.81,8038.29,8231.81,60720,146.19,8.79,0.0,0.55,0.35,0.25
most_packages_first,3,4,500,17127,16924,174436.5,16075.43,31490,77141,0.82,7941.36,8034.9,60120,6.0,0.0,0.0,0.51,0.33,0.25
most_packages_first,4,4,500,16981,16764,179845.98,14443.05,31947,78046,0.81,7766.75,8061.94,60480,50.69,17.57,0.0,0.52,0.36,0.25
most_packages_first,5,4,500,17474,17339,179109.57,16431.82,31948,77973,0.81,7833.96,8111.93,60480,278.52,0.0,0.0,0.56,0.33,0.25
most_packages_first,6,4,500,17446,17320,177680.1,16185.93,31867,77306,0.81,7996.94,8268.66,60000,0.0,0.0,0.0,0.5,0.33,0.25
most_packages_first,7,4,500,18000,17784,183405.45,14908.34,32273,78029,0.81,8006.17,8170.09,60120,38.3,0.0,0.0,0.51,0.33,0.25
most_packages_first,8,4,500,17272,17135,177276.64,16151.91,31587,77430,0.82,7852.8,8156.77,60120,30.56,0.0,0.0,0.51,0.33,0.25
most_packages_first,9,4,500,17693,17503,176315.23,15418.85,31753,77459,0.81,7887.49,8098.85,60240,81.29,0.0,0.0,0.52,0.33,0.25
