strategy,scenario_id,drone_capacity,no_customers,total_time,package_delivery_time,drone_travel_distance,truck_travel_distance,total_cluster_time,total_active_time,utilization,avg_package_wait_time,avg_customer_wait_time,total_delay_time,avg_span_2,avg_span_3,avg_span_4,avg_nodropoffs_2,avg_nodropoffs_3,avg_nodropoffs_4,no_preventions
farthest_package_first_MPA,0,1,50,3326,3242,51844.89,2661.76,5223,11248,0.72,1603.88,1575.46,6120,218.0,-10,-10,1.0,-10,-10,45
farthest_package_first_MPA,1,1,50,4011,3941,72293.4,2555.4,7159,15080,0.7,2143.74,2271.96,7920,178.5,230.0,-10,1.0,1.0,-10,61
farthest_package_first_MPA,2,1,50,4293,4213,68714.35,2669.4,6647,14012,0.7,1982.62,1998.48,7200,122.62,250.0,-10,1.0,1.0,-10,54
farthest_package_first_MPA,3,1,50,3375,3271,62617.33,2277.62,5995,12812,0.71,1769.78,1759.38,6600,93.0,15.0,-10,1.0,1.0,-10,49
farthest_package_first_MPA,4,1,50,3172,3099,51410.8,2663.82,5226,11324,0.72,1626.9,1609.9,6240,284.5,-10,-10,1.0,-10,-10,46
farthest_package_first_MPA,5,1,50,4666,4581,61939.03,2640.25,6181,13090,0.71,2122.9,2146.52,6960,68.2,-10,415.0,1.0,-10,1.0,52
farthest_package_first_MPA,6,1,50,4470,4374,73272.57,2200.69,7061,14580,0.69,2131.87,2120.82,7320,8.0,19.0,404.5,1.0,1.0,1.0,57
farthest_package_first_MPA,7,1,50,4152,4040,70297.26,2737.84,7030,14646,0.69,2149.31,2150.88,7680,5.5,125.0,355.0,1.0,1.0,1.0,60
farthest_package_first_MPA,8,1,50,3732,3606,61323.96,3099.96,5949,12798,0.72,1824.73,1749.7,6720,130.0,139.0,-10,1.0,1.0,-10,50
farthest_package_first_MPA,9,1,50,3516,3428,62338.44,2959.0,6048,13372,0.74,1828.8,1839.82,7200,33.67,327.5,303.0,1.0,1.0,1.0,52
farthest_package_first_MPA,0,1,100,8672,8586,141024.71,2646.48,14211,29108,0.68,4485.63,4448.67,15120,92.33,254.0,376.0,1.0,1.0,1.0,122
farthest_package_first_MPA,1,1,100,7417,7323,140789.43,2508.64,14314,29532,0.69,4221.55,4262.17,15600,190.86,151.29,371.33,1.0,1.0,1.0,126
farthest_package_first_MPA,2,1,100,8225,8125,143914.16,2630.99,14254,28908,0.68,4217.72,4201.39,14640,92.33,104.0,403.5,1.0,1.0,1.0,118
farthest_package_first_MPA,3,1,100,6900,6829,132200.46,2031.3,13538,27978,0.69,3999.35,4096.55,14880,142.91,152.5,314.67,1.0,1.0,1.0,120
farthest_package_first_MPA,4,1,100,7245,7168,129481.84,2404.78,12946,26740,0.69,3883.23,3884.46,13920,110.11,191.0,347.0,1.0,1.0,1.0,111
farthest_package_first_MPA,5,1,100,6812,6695,134214.98,2728.7,13237,27216,0.69,3904.47,3951.51,13920,130.12,103.75,-10,1.0,1.0,-10,110
farthest_package_first_MPA,6,1,100,7826,7727,141264.61,2495.48,14037,28762,0.68,4223.67,4019.57,14760,115.18,187.67,267.0,1.0,1.0,1.0,117
farthest_package_first_MPA,7,1,100,8107,8026,138580.06,2271.2,13813,28256,0.68,4107.37,4169.79,14520,128.88,178.0,296.0,1.0,1.0,1.0,117
farthest_package_first_MPA,8,1,100,7541,7440,138119.64,2586.48,13572,27492,0.68,4072.97,4075.78,13800,2.0,296.0,498.0,1.0,1.0,1.0,111
farthest_package_first_MPA,9,1,100,8587,8465,153502.18,2681.72,15054,30456,0.67,4423.66,4410.73,15240,134.69,191.5,356.0,1.0,1.0,1.0,123
farthest_package_first_MPA,0,1,200,11668,11525,182682.07,6429.7,21899,48248,0.73,6054.63,6117.07,30240,75.39,159.82,260.75,1.0,1.0,1.0,240
farthest_package_first_MPA,1,1,200,13406,13262,190347.13,6088.1,22578,49516,0.73,6308.65,6235.12,30720,73.43,164.67,260.67,1.0,1.0,1.0,243
farthest_package_first_MPA,2,1,200,11190,11045,178594.68,6165.35,21072,46184,0.73,5732.36,5838.49,28560,90.0,220.71,271.5,1.0,1.0,1.0,223
farthest_package_first_MPA,3,1,200,11540,11393,170483.09,8224.83,20301,44792,0.74,5683.88,5466.24,27960,61.64,195.4,226.75,1.0,1.0,1.0,219
farthest_package_first_MPA,4,1,200,12780,12650,196094.31,8180.84,23133,50438,0.73,6282.38,6187.06,31080,97.21,216.62,284.5,1.0,1.0,1.0,246
farthest_package_first_MPA,5,1,200,11247,11101,172630.35,6227.86,20184,44282,0.73,5506.19,5566.56,27240,82.79,332.0,266.67,1.0,1.0,1.0,213
farthest_package_first_MPA,6,1,200,11599,11470,174526.28,6283.41,20536,45174,0.73,5596.33,5743.32,27960,118.84,66.75,269.0,1.0,1.0,1.0,219
farthest_package_first_MPA,7,1,200,11493,11348,177938.81,7091.98,21249,46828,0.73,5851.82,5763.2,29280,55.12,203.38,242.75,1.0,1.0,1.0,231
farthest_package_first_MPA,8,1,200,12056,11954,178365.37,6359.47,20863,46170,0.74,5919.57,5917.98,28560,64.0,197.14,318.0,1.0,1.0,1.0,221
farthest_package_first_MPA,9,1,200,12225,12099,185223.38,8120.02,21851,47910,0.73,6002.84,6108.3,29640,108.26,88.12,223.25,1.0,1.0,1.0,234
farthest_package_first_MPA,0,1,500,24384,24284,294655.03,13469.04,44347,104440,0.79,11622.62,11668.48,75600,75.84,156.95,221.64,1.0,1.0,1.0,596
farthest_package_first_MPA,1,1,500,23750,23674,287188.76,13444.86,43107,101186,0.78,11448.43,11706.18,73080,58.95,181.18,208.0,1.0,1.0,1.0,578
farthest_package_first_MPA,2,1,500,25605,25490,294759.43,17049.17,44163,103932,0.78,11900.0,11730.59,75120,57.63,152.74,219.58,1.0,1.0,1.0,591
farthest_package_first_MPA,3,1,500,21671,21566,275550.62,14070.88,41338,97188,0.78,10970.48,11191.97,70200,53.78,165.67,213.67,1.0,1.0,1.0,553
farthest_package_first_MPA,4,1,500,22971,22866,288658.1,12336.88,43920,103152,0.78,11507.92,11632.22,74880,67.62,158.83,222.58,1.0,1.0,1.0,593
farthest_package_first_MPA,5,1,500,22251,22142,280434.11,14456.95,42225,99086,0.78,11147.97,11370.48,71640,84.67,151.45,215.75,1.0,1.0,1.0,564
farthest_package_first_MPA,6,1,500,23064,23040,279364.82,14499.79,42814,101224,0.79,11451.16,11341.18,73920,87.26,133.67,186.67,1.0,1.0,1.0,585
farthest_package_first_MPA,7,1,500,23582,23532,296418.58,16267.51,44572,104228,0.78,11828.94,11797.95,75240,62.98,144.17,223.86,1.0,1.0,1.0,596
farthest_package_first_MPA,8,1,500,23172,23143,295689.37,14007.03,44366,103688,0.78,11675.51,11701.61,74760,67.33,94.11,218.31,1.0,1.0,1.0,589
farthest_package_first_MPA,9,1,500,24838,24661,286911.48,14348.73,43586,101852,0.78,11525.87,11404.27,73800,62.64,124.62,198.71,1.0,1.0,1.0,585
farthest_package_first_MPA,0,2,50,2767,2689,39347.75,2661.76,4249,9887,0.78,1285.71,1257.84,6000,0.0,-10,-10,0.5,-10,-10,29
farthest_package_first_MPA,1,2,50,2951,2881,48268.12,2555.4,4908,11135,0.76,1448.47,1508.38,6360,0.0,19.67,-10,0.5,0.67,-10,37
farthest_package_first_MPA,2,2,50,3084,3004,45376.84,2669.4,4666,10609,0.76,1342.58,1327.9,6120,0.0,74.0,-10,0.5,0.67,-10,32
farthest_package_first_MPA,3,2,50,2747,2648,47239.49,2277.62,4726,10800,0.76,1327.93,1313.26,6120,0.0,46.0,-10,0.5,0.67,-10,36
farthest_package_first_MPA,4,2,50,2498,2425,37694.93,2663.82,4181,9722,0.78,1256.23,1240.82,6000,0.0,-10,-10,0.5,-10,-10,32
farthest_package_first_MPA,5,2,50,3495,3407,43246.17,2640.25,4571,10398,0.76,1560.62,1547.0,6120,0.0,-10,6.0,0.5,-10,0.5,32
farthest_package_first_MPA,6,2,50,3205,3109,50380.21,2200.69,5198,11347,0.73,1505.39,1463.24,6360,0.0,68.0,39.5,0.5,0.67,0.5,37
farthest_package_first_MPA,7,2,50,2978,2866,47188.48,2737.84,5016,11150,0.74,1511.56,1490.74,6480,0.0,63.5,81.5,0.5,0.67,0.5,35
farthest_package_first_MPA,8,2,50,3135,3009,47351.68,3099.96,4822,10928,0.76,1484.71,1413.14,6240,0.0,68.5,-10,0.5,0.67,-10,35
farthest_package_first_MPA,9,2,50,2882,2797,47233.51,2959.0,4924,11151,0.75,1411.93,1428.08,6480,0.0,58.0,648.0,0.5,0.67,0.75,38
farthest_package_first_MPA,0,2,100,6477,6391,104024.26,2646.48,10792,22792,0.7,3336.53,3307.29,12480,0.0,806.0,252.5,0.5,0.67,0.62,88
farthest_package_first_MPA,1,2,100,5895,5805,101855.23,2508.64,10889,23273,0.71,3146.02,3157.23,13200,0.0,121.14,152.33,0.5,0.67,0.5,87
farthest_package_first_MPA,2,2,100,5700,5600,102124.91,2630.99,10789,22957,0.71,3009.11,3008.51,12840,0.0,159.5,248.25,0.5,0.67,0.56,82
farthest_package_first_MPA,3,2,100,5152,5081,89185.41,2031.3,9875,21546,0.73,2832.77,2874.28,12720,0.0,81.5,280.0,0.5,0.67,0.58,76
farthest_package_first_MPA,4,2,100,5728,5651,96123.63,2404.78,10184,21867,0.72,2973.7,2957.87,12360,0.0,183.0,64.0,0.5,0.67,0.5,80
farthest_package_first_MPA,5,2,100,5352,5266,98605.93,2728.7,10357,22238,0.72,2928.96,2964.84,12480,0.0,228.5,-10,0.5,0.67,-10,81
farthest_package_first_MPA,6,2,100,6062,5974,106203.28,2495.48,10963,23121,0.7,3340.05,3163.92,12600,0.0,72.33,134.0,0.5,0.67,0.5,83
farthest_package_first_MPA,7,2,100,6270,6189,103066.78,2271.2,10814,22927,0.71,3126.12,3157.17,12720,0.0,317.8,191.0,0.5,0.67,0.5,85
farthest_package_first_MPA,8,2,100,6166,6065,105955.68,2586.48,10869,22855,0.7,3187.85,3194.34,12360,0.0,617.0,18.0,0.5,0.67,0.5,84
farthest_package_first_MPA,9,2,100,6323,6211,108177.79,2681.72,11147,23554,0.7,3178.56,3153.44,12840,0.0,141.0,796.5,0.5,0.67,0.62,85
farthest_package_first_MPA,0,2,200,9129,8983,130533.78,6429.7,16781,38650,0.77,4606.71,4635.52,25800,0.0,145.55,76.25,0.5,0.67,0.5,162
farthest_package_first_MPA,1,2,200,10056,9914,130891.54,6088.1,16892,38705,0.76,4678.15,4600.91,25800,0.0,292.0,92.0,0.5,0.67,0.5,155
farthest_package_first_MPA,2,2,200,8694,8546,127628.17,6165.35,16497,37654,0.76,4382.39,4445.64,25080,0.0,51.29,195.5,0.5,0.67,0.5,155
farthest_package_first_MPA,3,2,200,8936,8791,123001.37,8224.83,16035,37201,0.77,4498.58,4314.15,25080,0.0,56.2,45.25,0.5,0.67,0.5,150
farthest_package_first_MPA,4,2,200,9955,9825,137643.4,8180.84,17548,39848,0.76,4748.97,4657.44,26280,0.0,115.62,433.88,0.5,0.67,0.59,167
farthest_package_first_MPA,5,2,200,9174,9033,124187.58,6227.86,16028,36845,0.77,4291.48,4320.86,24600,0.0,337.5,64.33,0.5,0.67,0.5,145
farthest_package_first_MPA,6,2,200,9215,9091,122714.73,6283.41,15961,36923,0.77,4297.68,4400.36,24840,0.0,148.0,372.0,0.5,0.67,0.62,146
farthest_package_first_MPA,7,2,200,8530,8393,123519.13,7091.98,16140,37599,0.78,4429.07,4347.96,25440,0.0,95.12,69.75,0.5,0.67,0.5,151
farthest_package_first_MPA,8,2,200,9140,9041,124932.09,6359.47,16202,37394,0.77,4455.11,4436.64,25080,0.0,78.86,213.5,0.5,0.67,0.5,149
farthest_package_first_MPA,9,2,200,9284,9152,131734.59,8120.02,16651,38415,0.77,4555.08,4611.94,25440,0.0,132.25,73.0,0.5,0.67,0.5,156
farthest_package_first_MPA,0,2,500,19025,18925,199628.88,13469.04,34129,83332,0.81,8969.81,8985.59,63840,0.0,238.33,44.64,0.5,0.67,0.5,379
farthest_package_first_MPA,1,2,500,18771,18694,200712.83,13444.86,34037,82484,0.81,8901.06,9094.38,62880,0.0,128.36,440.67,0.5,0.67,0.61,374
farthest_package_first_MPA,2,2,500,20024,19914,201541.87,17049.17,34346,83494,0.81,9324.28,9176.11,63840,0.0,174.53,133.08,0.5,0.67,0.52,383
farthest_package_first_MPA,3,2,500,17602,17497,193244.63,14070.88,33287,81628,0.82,8659.31,8824.77,62760,0.0,96.4,87.33,0.5,0.67,0.58,367
farthest_package_first_MPA,4,2,500,18131,18031,201741.23,12336.88,34497,84384,0.82,9015.84,9095.06,64680,0.0,71.3,268.42,0.5,0.67,0.58,388
farthest_package_first_MPA,5,2,500,17941,17833,197680.33,14456.95,33988,83012,0.81,8878.5,9050.02,63720,0.0,181.7,329.88,0.5,0.67,0.59,373
farthest_package_first_MPA,6,2,500,18058,18033,191244.89,14499.79,33514,82474,0.82,9003.18,8902.22,63840,0.0,167.29,146.89,0.5,0.67,0.56,375
farthest_package_first_MPA,7,2,500,18382,18279,203104.13,16267.51,34677,84370,0.81,9239.07,9196.69,64560,0.0,98.57,71.57,0.5,0.67,0.54,384
farthest_package_first_MPA,8,2,500,18123,18092,204798.97,14007.03,34482,84299,0.81,9099.22,9107.5,64320,0.0,129.0,215.85,0.5,0.67,0.6,389
farthest_package_first_MPA,9,2,500,19811,19634,201138.38,14348.73,34293,83818,0.81,9181.88,9070.08,64200,0.0,159.69,303.0,0.5,0.67,0.57,386
farthest_package_first_MPA,0,3,50,2514,2430,32758.8,2661.76,3838,9234,0.8,1128.8,1102.76,6000,0.0,-10,-10,0.5,-10,-10,22
farthest_package_first_MPA,1,3,50,2424,2359,38023.53,2555.4,4125,9755,0.79,1152.56,1198.68,6000,0.0,0.0,-10,0.5,0.33,-10,29
farthest_package_first_MPA,2,3,50,2768,2688,37195.88,2669.4,3989,9679,0.81,1143.08,1120.6,6000,0.0,0.0,-10,0.5,0.33,-10,22
farthest_package_first_MPA,3,3,50,2315,2216,35468.92,2277.62,3939,9510,0.8,1093.58,1083.7,6000,0.0,0.0,-10,0.5,0.33,-10,24
farthest_package_first_MPA,4,3,50,2225,2139,31982.34,2663.82,3787,9153,0.81,1099.83,1081.44,6000,0.0,-10,-10,0.5,-10,-10,25
farthest_package_first_MPA,5,3,50,3263,3166,37375.86,2640.25,4134,9815,0.79,1392.81,1399.26,6120,0.0,-10,0.0,0.5,-10,0.5,25
farthest_package_first_MPA,6,3,50,2758,2662,42344.56,2200.69,4539,10428,0.77,1304.34,1244.18,6240,0.0,0.0,57.0,0.5,0.33,0.5,29
farthest_package_first_MPA,7,3,50,2680,2568,39892.53,2737.84,4460,10183,0.76,1302.92,1265.02,6240,0.0,0.0,27.0,0.5,0.33,0.5,30
farthest_package_first_MPA,8,3,50,2775,2670,38960.15,3099.96,4270,9856,0.77,1253.93,1187.64,6000,0.0,0.0,-10,0.5,0.33,-10,28
farthest_package_first_MPA,9,3,50,2494,2406,37011.54,2959.0,4087,9779,0.8,1209.2,1209.9,6120,0.0,0.0,806.0,0.5,0.33,0.5,27
farthest_package_first_MPA,0,3,100,5767,5670,92488.13,2646.48,9853,21400,0.72,2935.33,2892.86,12240,0.0,0.0,338.0,0.5,0.33,0.5,77
farthest_package_first_MPA,1,3,100,5386,5302,89327.92,2508.64,9777,21193,0.72,2784.98,2772.96,12360,0.0,0.0,92.0,0.5,0.33,0.5,76
farthest_package_first_MPA,2,3,100,5159,5077,91033.99,2630.99,9859,21495,0.73,2696.69,2708.59,12480,0.0,0.0,248.75,0.5,0.33,0.5,72
farthest_package_first_MPA,3,3,100,4812,4741,77621.5,2031.3,8991,20037,0.74,2498.46,2539.99,12360,0.0,0.0,384.67,0.5,0.33,0.5,68
farthest_package_first_MPA,4,3,100,5307,5230,85197.23,2404.78,9377,20537,0.73,2640.55,2629.72,12120,0.0,0.0,169.0,0.5,0.33,0.5,73
farthest_package_first_MPA,5,3,100,4837,4740,83745.3,2728.7,9319,20282,0.73,2513.16,2540.48,12000,0.0,0.0,-10,0.5,0.33,-10,68
farthest_package_first_MPA,6,3,100,5473,5385,93923.93,2495.48,9961,21538,0.72,2938.74,2765.33,12240,0.0,0.0,42.5,0.5,0.33,0.5,75
farthest_package_first_MPA,7,3,100,5705,5624,90523.23,2271.2,9781,21080,0.72,2755.85,2772.14,12120,0.0,0.0,1.0,0.5,0.33,0.5,76
farthest_package_first_MPA,8,3,100,5786,5685,94367.98,2586.48,10032,21463,0.71,2871.05,2852.07,12120,0.0,0.0,498.0,0.5,0.33,0.5,75
farthest_package_first_MPA,9,3,100,5183,5061,90886.91,2681.72,9714,21235,0.73,2693.38,2682.45,12240,0.0,0.0,768.5,0.5,0.33,0.5,70
farthest_package_first_MPA,0,3,200,7940,7794,109854.13,6429.7,14949,35283,0.79,4029.39,4036.14,24480,0.0,0.0,113.75,0.5,0.33,0.5,138
farthest_package_first_MPA,1,3,200,9417,9275,113977.78,6088.1,15281,35588,0.78,4186.14,4100.86,24360,0.0,0.0,110.33,0.5,0.33,0.5,139
farthest_package_first_MPA,2,3,200,7927,7782,111100.8,6165.35,15028,35175,0.78,3929.97,3978.61,24240,0.0,0.0,235.5,0.5,0.33,0.5,131
farthest_package_first_MPA,3,3,200,8165,8020,105380.38,8224.83,14639,34852,0.79,4067.74,3903.39,24480,0.0,0.0,384.25,0.5,0.33,0.5,129
farthest_package_first_MPA,4,3,200,8873,8743,117168.11,8180.84,15739,36496,0.77,4260.38,4153.38,24960,0.0,0.0,138.0,0.5,0.33,0.5,141
farthest_package_first_MPA,5,3,200,8593,8452,114450.7,6227.86,15236,35635,0.78,3993.82,4025.03,24360,0.0,0.0,135.0,0.5,0.33,0.5,134
farthest_package_first_MPA,6,3,200,8468,8344,109139.85,6283.41,14779,34973,0.79,3882.42,3965.91,24240,0.0,0.0,62.0,0.5,0.33,0.5,128
farthest_package_first_MPA,7,3,200,7792,7689,103604.05,7091.98,14624,34664,0.79,3973.32,3900.27,24480,0.0,0.0,198.25,0.5,0.33,0.5,122
farthest_package_first_MPA,8,3,200,8492,8393,109633.73,6359.47,14754,35031,0.79,4010.71,3993.85,24240,0.0,0.0,97.5,0.5,0.33,0.5,135
farthest_package_first_MPA,9,3,200,8617,8491,110945.61,8120.02,14936,35393,0.79,4030.09,4061.91,24480,0.0,0.0,63.25,0.5,0.33,0.5,130
farthest_package_first_MPA,0,3,500,17581,17481,176520.75,13469.04,31754,78547,0.82,8264.56,8269.86,61320,0.0,0.0,171.64,0.5,0.33,0.5,321
farthest_package_first_MPA,1,3,500,16870,16793,165106.63,13444.86,30628,77164,0.84,7909.53,8079.27,61080,0.0,0.0,336.22,0.5,0.33,0.5,304
farthest_package_first_MPA,2,3,500,18407,18300,172107.39,17049.17,31481,78192,0.83,8523.82,8379.67,61440,0.0,0.0,104.33,0.5,0.33,0.5,320
farthest_package_first_MPA,3,3,500,16363,16258,162022.38,14070.88,30597,76502,0.83,7893.6,8041.3,60720,0.0,0.0,119.17,0.5,0.33,0.5,297
farthest_package_first_MPA,4,3,500,16365,16261,168593.68,12336.88,31158,77872,0.83,8137.77,8202.67,61440,0.0,0.0,276.58,0.5,0.33,0.5,315
farthest_package_first_MPA,5,3,500,16563,16482,166427.41,14456.95,31171,77177,0.83,8059.12,8199.05,60960,0.0,0.0,261.25,0.5,0.33,0.5,303
farthest_package_first_MPA,6,3,500,16673,16648,161706.19,14499.79,30681,76802,0.83,8248.26,8146.49,61080,0.0,0.0,198.78,0.5,0.33,0.5,309
farthest_package_first_MPA,7,3,500,16828,16656,174459.48,16267.51,31374,77831,0.83,8285.69,8245.62,60840,0.0,0.0,97.57,0.5,0.33,0.5,328
farthest_package_first_MPA,8,3,500,16579,16552,170280.73,14007.03,31378,78142,0.83,8236.55,8231.97,61560,0.0,0.0,155.08,0.5,0.33,0.5,315
farthest_package_first_MPA,9,3,500,18386,18209,169108.39,14348.73,31329,77307,0.82,8368.24,8266.62,60840,0.0,0.0,177.29,0.5,0.33,0.5,319
farthest_package_first_MPA,0,4,50,2321,2237,27752.34,2661.76,3473,8739,0.84,1010.08,985.52,6000,0.0,-10,-10,0.5,-10,-10,13
farthest_package_first_MPA,1,4,50,2198,2128,30582.09,2555.4,3655,9016,0.82,1028.64,1054.1,6000,0.0,0.0,-10,0.5,0.33,-10,21
farthest_package_first_MPA,2,4,50,2626,2546,32756.37,2669.4,3739,9236,0.82,1077.2,1040.4,6000,0.0,0.0,-10,0.5,0.33,-10,19
farthest_package_first_MPA,3,4,50,2314,2214,31531.68,2277.62,3835,9116,0.79,1017.91,1006.06,6000,0.0,0.0,-10,0.5,0.33,-10,23
farthest_package_first_MPA,4,4,50,2048,1975,27044.68,2663.82,3449,8662,0.84,998.38,977.32,6000,0.0,-10,-10,0.5,-10,-10,20
farthest_package_first_MPA,5,4,50,2803,2715,30211.81,2640.25,3832,8986,0.78,1184.28,1170.82,6000,0.0,-10,0.0,0.5,-10,0.25,17
farthest_package_first_MPA,6,4,50,2328,2232,33067.11,2200.69,3934,9265,0.79,1106.8,1034.54,6000,0.0,0.0,0.0,0.5,0.33,0.25,23
farthest_package_first_MPA,7,4,50,2453,2335,33118.7,2737.84,3824,9271,0.81,1115.25,1083.88,6000,0.0,0.0,0.0,0.5,0.33,0.25,20
farthest_package_first_MPA,8,4,50,2502,2397,30958.93,3099.96,3712,9057,0.81,1085.93,1047.48,6000,0.0,0.0,-10,0.5,0.33,-10,18
farthest_package_first_MPA,9,4,50,2348,2259,30706.44,2959.0,3741,9029,0.8,1033.85,1028.84,6000,0.0,0.0,0.0,0.5,0.33,0.25,21
farthest_package_first_MPA,0,4,100,5471,5374,83192.62,2646.48,9195,20235,0.73,2656.67,2631.77,12000,0.0,0.0,0.0,0.5,0.33,0.25,71
farthest_package_first_MPA,1,4,100,4949,4859,76052.42,2508.64,8761,19516,0.74,2439.12,2425.52,12000,0.0,0.0,0.0,0.5,0.33,0.25,65
farthest_package_first_MPA,2,4,100,4830,4748,80395.18,2630.99,9062,19957,0.73,2391.71,2411.47,12000,0.0,0.0,0.0,0.5,0.33,0.25,62
farthest_package_first_MPA,3,4,100,4359,4288,65547.88,2031.3,8110,18477,0.76,2178.33,2181.58,12000,0.0,0.0,0.0,0.5,0.33,0.25,56
farthest_package_first_MPA,4,4,100,5114,5033,79231.31,2404.78,8905,19826,0.74,2469.79,2474.69,12000,0.0,0.0,0.0,0.5,0.33,0.25,67
farthest_package_first_MPA,5,4,100,4740,4632,81997.23,2728.7,9111,20107,0.74,2440.79,2450.88,12000,0.0,0.0,-10,0.5,0.33,-10,68
farthest_package_first_MPA,6,4,100,5153,5054,84989.48,2495.48,9383,20412,0.73,2706.33,2531.03,12000,0.0,0.0,0.0,0.5,0.33,0.25,69
farthest_package_first_MPA,7,4,100,5458,5377,83757.53,2271.2,9291,20288,0.73,2549.79,2574.49,12000,0.0,0.0,0.0,0.5,0.33,0.25,69
farthest_package_first_MPA,8,4,100,5353,5252,85150.92,2586.48,9382,20426,0.73,2591.08,2573.51,12000,0.0,0.0,0.0,0.5,0.33,0.25,68
farthest_package_first_MPA,9,4,100,4896,4778,85525.6,2681.72,9298,20461,0.73,2535.28,2502.57,12000,0.0,0.0,0.0,0.5,0.33,0.25,68
farthest_package_first_MPA,0,4,200,7385,7231,96133.97,6429.7,13894,33437,0.8,3681.31,3672.2,24000,0.0,0.0,0.0,0.5,0.33,0.25,120
farthest_package_first_MPA,1,4,200,8561,8419,100131.08,6088.1,14233,33851,0.79,3873.41,3782.97,24000,0.0,0.0,0.0,0.5,0.33,0.25,117
farthest_package_first_MPA,2,4,200,7576,7431,98072.11,6165.35,14167,33645,0.79,3633.86,3677.91,24000,0.0,0.0,0.0,0.5,0.33,0.25,116
farthest_package_first_MPA,3,4,200,7687,7542,93565.95,8224.83,13749,33201,0.8,3788.94,3630.25,24000,0.0,0.0,0.0,0.5,0.33,0.25,110
farthest_package_first_MPA,4,4,200,8432,8302,105492.16,8180.84,14644,34387,0.78,3959.41,3850.85,24000,0.0,0.0,0.0,0.5,0.33,0.25,122
farthest_package_first_MPA,5,4,200,8012,7871,102008.31,6227.86,14295,34041,0.79,3657.01,3678.09,24000,0.0,0.0,0.0,0.5,0.33,0.25,119
farthest_package_first_MPA,6,4,200,8222,8098,97977.37,6283.41,13949,33627,0.8,3620.73,3699.78,24000,0.0,0.0,0.0,0.5,0.33,0.25,114
farthest_package_first_MPA,7,4,200,7293,7190,89537.83,7091.98,13599,32795,0.8,3641.94,3560.95,24000,0.0,0.0,0.0,0.5,0.33,0.25,100
farthest_package_first_MPA,8,4,200,7909,7810,97191.98,6359.47,13924,33554,0.8,3691.24,3671.26,24000,0.0,0.0,0.0,0.5,0.33,0.25,119
farthest_package_first_MPA,9,4,200,8177,8051,99722.48,8120.02,14127,33802,0.8,3754.95,3775.68,24000,0.0,0.0,0.0,0.5,0.33,0.25,112
farthest_package_first_MPA,0,4,500,16913,16813,157100.42,13469.04,30166,75314,0.83,7872.45,7877.85,60000,0.0,0.0,0.0,0.5,0.33,0.25,280
farthest_package_first_MPA,1,4,500,16409,16333,151886.99,13444.86,29585,74775,0.84,7541.11,7698.73,60000,0.0,0.0,0.0,0.5,0.33,0.25,278
farthest_package_first_MPA,2,4,500,17397,17287,154983.53,17049.17,29835,75064,0.84,8104.73,7973.12,60000,0.0,0.0,0.0,0.5,0.33,0.25,282
farthest_package_first_MPA,3,4,500,15707,15602,145339.79,14070.88,29258,74131,0.84,7542.13,7685.13,60000,0.0,0.0,0.0,0.5,0.33,0.25,266
farthest_package_first_MPA,4,4,500,15868,15750,150951.17,12336.88,29527,74693,0.84,7656.24,7701.69,60000,0.0,0.0,0.0,0.5,0.33,0.25,272
farthest_package_first_MPA,5,4,500,15841,15760,147708.53,14456.95,29549,74367,0.84,7588.31,7714.03,60000,0.0,0.0,0.0,0.5,0.33,0.25,259
farthest_package_first_MPA,6,4,500,16087,16062,149124.7,14499.79,29313,74490,0.85,7887.51,7779.43,60000,0.0,0.0,0.0,0.5,0.33,0.25,274
farthest_package_first_MPA,7,4,500,15930,15883,153802.17,16267.51,29813,74963,0.84,7847.23,7794.24,60000,0.0,0.0,0.0,0.5,0.33,0.25,284
farthest_package_first_MPA,8,4,500,15912,15883,154147.27,14007.03,29824,74988,0.84,7764.48,7762.69,60000,0.0,0.0,0.0,0.5,0.33,0.25,276
farthest_package_first_MPA,9,4,500,17673,17496,153286.94,14348.73,29913,74906,0.83,7947.2,7840.98,60000,0.0,0.0,0.0,0.5,0.33,0.25,281
farthest_package_first,0,1,50,3326,3242,51844.89,2661.76,5223,11248,0.72,1603.88,1575.46,6120,218.0,-10,-10,1.0,-10,-10,45
farthest_package_first,1,1,50,4011,3941,72293.4,2555.4,7159,15080,0.7,2143.74,2271.96,7920,178.5,230.0,-10,1.0,1.0,-10,61
farthest_package_first,2,1,50,4293,4213,68714.35,2669.4,6647,14012,0.7,1982.62,1998.48,7200,122.62,250.0,-10,1.0,1.0,-10,54
farthest_package_first,3,1,50,3375,3271,62617.33,2277.62,5995,12812,0.71,1769.78,1759.38,6600,93.0,15.0,-10,1.0,1.0,-10,49
farthest_package_first,4,1,50,3172,3099,51410.8,2663.82,5226,11324,0.72,1626.9,1609.9,6240,284.5,-10,-10,1.0,-10,-10,46
farthest_package_first,5,1,50,4666,4581,61939.03,2640.25,6181,13090,0.71,2122.9,2146.52,6960,68.2,-10,415.0,1.0,-10,1.0,52
farthest_package_first,6,1,50,4470,4374,73272.57,2200.69,7061,14580,0.69,2131.87,2120.82,7320,8.0,19.0,404.5,1.0,1.0,1.0,57
farthest_package_first,7,1,50,4152,4040,70297.26,2737.84,7030,14646,0.69,2149.31,2150.88,7680,5.5,125.0,355.0,1.0,1.0,1.0,60
farthest_package_first,8,1,50,3732,3606,61323.96,3099.96,5949,12798,0.72,1824.73,1749.7,6720,130.0,139.0,-10,1.0,1.0,-10,50
farthest_package_first,9,1,50,3516,3428,62338.44,2959.0,6048,13372,0.74,1828.8,1839.82,7200,33.67,327.5,303.0,1.0,1.0,1.0,52
farthest_package_first,0,1,100,8672,8586,141024.71,2646.48,14211,29108,0.68,4485.63,4448.67,15120,92.33,254.0,376.0,1.0,1.0,1.0,122
farthest_package_first,1,1,100,7417,7323,140789.43,2508.64,14314,29532,0.69,4221.55,4262.17,15600,190.86,151.29,371.33,1.0,1.0,1.0,126
farthest_package_first,2,1,100,8225,8125,143914.16,2630.99,14254,28908,0.68,4217.72,4201.39,14640,92.33,104.0,403.5,1.0,1.0,1.0,118
farthest_package_first,3,1,100,6900,6829,132200.46,2031.3,13538,27978,0.69,3999.35,4096.55,14880,142.91,152.5,314.67,1.0,1.0,1.0,120
farthest_package_first,4,1,100,7245,7168,129481.84,2404.78,12946,26740,0.69,3883.23,3884.46,13920,110.11,191.0,347.0,1.0,1.0,1.0,111
farthest_package_first,5,1,100,6812,6695,134214.98,2728.7,13237,27216,0.69,3904.47,3951.51,13920,130.12,103.75,-10,1.0,1.0,-10,110
farthest_package_first,6,1,100,7826,7727,141264.61,2495.48,14037,28762,0.68,4223.67,4019.57,14760,115.18,187.67,267.0,1.0,1.0,1.0,117
farthest_package_first,7,1,100,8107,8026,138580.06,2271.2,13813,28256,0.68,4107.37,4169.79,14520,128.88,178.0,296.0,1.0,1.0,1.0,117
farthest_package_first,8,1,100,7541,7440,138119.64,2586.48,13572,27492,0.68,4072.97,4075.78,13800,2.0,296.0,498.0,1.0,1.0,1.0,111
farthest_package_first,9,1,100,8587,8465,153502.18,2681.72,15054,30456,0.67,4423.66,4410.73,15240,134.69,191.5,356.0,1.0,1.0,1.0,123
farthest_package_first,0,1,200,11668,11525,182682.07,6429.7,21899,48248,0.73,6054.63,6117.07,30240,75.39,159.82,260.75,1.0,1.0,1.0,240
farthest_package_first,1,1,200,13406,13262,190347.13,6088.1,22578,49516,0.73,6308.65,6235.12,30720,73.43,164.67,260.67,1.0,1.0,1.0,243
farthest_package_first,2,1,200,11190,11045,178594.68,6165.35,21072,46184,0.73,5732.36,5838.49,28560,90.0,220.71,271.5,1.0,1.0,1.0,223
farthest_package_first,3,1,200,11540,11393,170483.09,8224.83,20301,44792,0.74,5683.88,5466.24,27960,61.64,195.4,226.75,1.0,1.0,1.0,219
farthest_package_first,4,1,200,12780,12650,196094.31,8180.84,23133,50438,0.73,6282.38,6187.06,31080,97.21,216.62,284.5,1.0,1.0,1.0,246
farthest_package_first,5,1,200,11247,11101,172630.35,6227.86,20184,44282,0.73,5506.19,5566.56,27240,82.79,332.0,266.67,1.0,1.0,1.0,213
farthest_package_first,6,1,200,11599,11470,174526.28,6283.41,20536,45174,0.73,5596.33,5743.32,27960,118.84,66.75,269.0,1.0,1.0,1.0,219
farthest_package_first,7,1,200,11493,11348,177938.81,7091.98,21249,46828,0.73,5851.82,5763.2,29280,55.12,203.38,242.75,1.0,1.0,1.0,231
farthest_package_first,8,1,200,12056,11954,178365.37,6359.47,20863,46170,0.74,5919.57,5917.98,28560,64.0,197.14,318.0,1.0,1.0,1.0,221
farthest_package_first,9,1,200,12225,12099,185223.38,8120.02,21851,47910,0.73,6002.84,6108.3,29640,108.26,88.12,223.25,1.0,1.0,1.0,234
farthest_package_first,0,1,500,24384,24284,294655.03,13469.04,44347,104440,0.79,11622.62,11668.48,75600,75.84,156.95,221.64,1.0,1.0,1.0,596
farthest_package_first,1,1,500,23750,23674,287188.76,13444.86,43107,101186,0.78,11448.43,11706.18,73080,58.95,181.18,208.0,1.0,1.0,1.0,578
farthest_package_first,2,1,500,25605,25490,294759.43,17049.17,44163,103932,0.78,11900.0,11730.59,75120,57.63,152.74,219.58,1.0,1.0,1.0,591
farthest_package_first,3,1,500,21671,21566,275550.62,14070.88,41338,97188,0.78,10970.48,11191.97,70200,53.78,165.67,213.67,1.0,1.0,1.0,553
farthest_package_first,4,1,500,22971,22866,288658.1,12336.88,43920,103152,0.78,11507.92,11632.22,74880,67.62,158.83,222.58,1.0,1.0,1.0,593
farthest_package_first,5,1,500,22251,22142,280434.11,14456.95,42225,99086,0.78,11147.97,11370.48,71640,84.67,151.45,215.75,1.0,1.0,1.0,564
farthest_package_first,6,1,500,23064,23040,279364.82,14499.79,42814,101224,0.79,11451.16,11341.18,73920,87.26,133.67,186.67,1.0,1.0,1.0,585
farthest_package_first,7,1,500,23582,23532,296418.58,16267.51,44572,104228,0.78,11828.94,11797.95,75240,62.98,144.17,223.86,1.0,1.0,1.0,596
farthest_package_first,8,1,500,23172,23143,295689.37,14007.03,44366,103688,0.78,11675.51,11701.61,74760,67.33,94.11,218.31,1.0,1.0,1.0,589
farthest_package_first,9,1,500,24838,24661,286911.48,14348.73,43586,101852,0.78,11525.87,11404.27,73800,62.64,124.62,198.71,1.0,1.0,1.0,585
farthest_package_first,0,2,50,2767,2689,39347.75,2661.76,4249,9887,0.78,1285.71,1257.84,6000,0.0,-10,-10,0.5,-10,-10,29
farthest_package_first,1,2,50,2951,2881,49217.37,2555.4,5094,11469,0.75,1510.48,1580.84,6600,24.4,19.67,-10,0.6,0.67,-10,39
farthest_package_first,2,2,50,3084,3004,46356.43,2669.4,4757,10946,0.77,1364.77,1356.66,6360,63.62,1.0,-10,0.62,0.67,-10,32
farthest_package_first,3,2,50,2812,2708,48351.06,2277.62,4853,11151,0.77,1384.09,1383.18,6360,310.0,271.0,-10,0.83,0.67,-10,35
farthest_package_first,4,2,50,2498,2425,37694.93,2663.82,4181,9722,0.78,1256.23,1240.82,6000,0.0,-10,-10,0.5,-10,-10,32
farthest_package_first,5,2,50,3495,3407,43718.43,2640.25,4687,10683,0.76,1562.17,1571.5,6360,249.2,-10,6.0,0.7,-10,0.5,33
farthest_package_first,6,2,50,3205,3109,52220.45,2200.69,5429,11649,0.72,1542.49,1517.92,6480,157.0,68.0,39.5,0.67,0.67,0.5,41
farthest_package_first,7,2,50,2978,2866,47189.28,2737.84,5028,11270,0.75,1517.39,1494.28,6600,10.75,63.5,31.0,0.62,0.67,0.5,34
farthest_package_first,8,2,50,3135,3009,47351.68,3099.96,4822,10928,0.76,1484.71,1413.14,6240,0.0,68.5,-10,0.5,0.67,-10,35
farthest_package_first,9,2,50,2882,2797,47233.51,2959.0,4924,11151,0.75,1411.93,1428.08,6480,0.0,58.0,648.0,0.5,0.67,0.75,38
farthest_package_first,0,2,100,6630,6533,107535.96,2646.48,11146,23500,0.7,3429.71,3419.06,12840,70.33,844.0,259.0,0.58,0.67,0.62,91
farthest_package_first,1,2,100,5938,5854,101879.11,2508.64,11035,23634,0.71,3181.57,3201.46,13560,26.86,128.29,448.33,0.64,0.67,0.58,87
farthest_package_first,2,2,100,5913,5813,103736.14,2630.99,11002,23475,0.71,3084.75,3099.36,13200,281.5,167.0,313.0,0.75,0.67,0.56,84
farthest_package_first,3,2,100,5264,5193,92154.94,2031.3,10106,22080,0.73,2944.25,3006.96,12960,199.73,200.0,343.0,0.59,0.67,0.58,78
farthest_package_first,4,2,100,5797,5720,98375.12,2404.78,10407,22212,0.71,3050.99,3048.29,12480,101.0,89.0,116.0,0.56,0.67,0.5,82
farthest_package_first,5,2,100,5492,5410,99275.31,2728.7,10504,22423,0.71,2937.86,2983.79,12600,128.38,277.25,-10,0.56,0.67,-10,82
farthest_package_first,6,2,100,6062,5974,106203.38,2495.48,11004,23240,0.7,3345.85,3170.57,12720,22.0,69.67,134.0,0.55,0.67,0.5,83
farthest_package_first,7,2,100,6451,6365,105545.08,2271.2,11060,23294,0.7,3198.63,3246.68,12840,131.88,351.0,49.0,0.56,0.67,0.5,87
farthest_package_first,8,2,100,6072,5971,104918.03,2586.48,10862,22992,0.71,3166.24,3181.42,12600,88.25,654.5,18.0,0.62,0.67,0.5,83
farthest_package_first,9,2,100,6323,6211,107829.19,2681.72,11150,23639,0.71,3196.5,3177.74,12960,30.69,141.0,796.5,0.54,0.67,0.62,85
farthest_package_first,0,2,200,9187,9044,132269.75,6429.7,17010,39300,0.77,4692.44,4729.33,26280,90.17,154.36,34.75,0.61,0.67,0.5,165
farthest_package_first,1,2,200,10461,10319,132991.48,6088.1,17338,39869,0.77,4818.86,4762.24,26760,242.43,280.25,126.33,0.67,0.67,0.5,160
farthest_package_first,2,2,200,8737,8589,128244.28,6165.35,16502,37836,0.76,4391.71,4459.61,25200,17.67,83.0,195.5,0.53,0.67,0.5,156
farthest_package_first,3,2,200,9060,8915,123425.92,8224.83,16232,37483,0.77,4548.5,4365.7,25320,64.82,90.4,46.75,0.59,0.67,0.5,152
farthest_package_first,4,2,200,10049,9919,137644.02,8180.84,17675,40207,0.76,4757.58,4672.18,26640,87.26,112.88,446.75,0.58,0.67,0.59,165
farthest_package_first,5,2,200,9365,9224,125458.5,6227.86,16318,37568,0.77,4338.24,4380.93,25200,189.21,283.0,134.0,0.64,0.67,0.58,147
farthest_package_first,6,2,200,9177,9053,125350.6,6283.41,16102,37423,0.77,4360.04,4462.88,25080,19.58,127.0,254.5,0.55,0.67,0.62,148
farthest_package_first,7,2,200,8655,8510,123321.01,7091.98,16286,38181,0.78,4493.9,4419.52,26040,136.88,88.75,66.25,0.66,0.67,0.5,150
farthest_package_first,8,2,200,9783,9684,130383.46,6359.47,16935,38889,0.77,4686.29,4686.7,26040,235.89,71.43,243.0,0.69,0.67,0.62,158
farthest_package_first,9,2,200,9388,9261,132070.63,8120.02,16755,38688,0.77,4579.71,4642.33,25680,73.16,126.88,73.0,0.55,0.67,0.5,156
farthest_package_first,0,2,500,19299,19203,202543.78,13469.04,34773,85059,0.82,9150.56,9180.91,65280,124.85,181.29,89.36,0.61,0.67,0.5,381
farthest_package_first,1,2,500,18932,18855,199899.97,13444.86,34148,83598,0.82,8951.37,9148.74,64080,77.35,133.36,174.22,0.6,0.67,0.56,375
farthest_package_first,2,2,500,20470,20360,205970.58,17049.17,35149,86083,0.82,9542.16,9400.85,66000,173.6,121.58,158.42,0.66,0.67,0.54,389
farthest_package_first,3,2,500,17828,17723,193821.4,14070.88,33815,83357,0.82,8873.59,9053.4,64440,194.57,95.2,87.33,0.69,0.67,0.58,366
farthest_package_first,4,2,500,18673,18573,203834.42,12336.88,35327,86501,0.82,9211.26,9305.97,66600,202.81,91.43,288.0,0.69,0.67,0.58,391
farthest_package_first,5,2,500,18260,18152,200237.24,14456.95,34600,84578,0.81,9042.17,9222.23,65040,118.52,158.35,328.5,0.67,0.67,0.59,381
farthest_package_first,6,2,500,18151,18126,190443.87,14499.79,33934,83709,0.82,9135.5,9041.9,65160,104.87,141.62,126.67,0.62,0.67,0.56,372
farthest_package_first,7,2,500,18679,18509,205437.63,16267.51,35195,85797,0.81,9337.94,9306.25,65760,114.07,111.43,17.71,0.62,0.67,0.5,392
farthest_package_first,8,2,500,18427,18400,204903.41,14007.03,34892,85624,0.82,9182.26,9198.69,65640,110.23,125.06,207.08,0.61,0.67,0.6,388
farthest_package_first,9,2,500,20101,19924,203364.97,14348.73,34815,85116,0.81,9294.06,9196.07,65280,208.05,163.81,294.14,0.61,0.67,0.57,394
farthest_package_first,0,3,50,2514,2430,32758.8,2661.76,3838,9234,0.8,1128.8,1102.76,6000,0.0,-10,-10,0.5,-10,-10,22
farthest_package_first,1,3,50,2753,2688,40130.38,2555.4,4582,10443,0.76,1266.08,1335.06,6480,24.6,322.0,-10,0.6,0.56,-10,30
farthest_package_first,2,3,50,2768,2688,37231.4,2669.4,4076,9801,0.8,1152.42,1127.36,6120,1.5,0.0,-10,0.56,0.33,-10,23
farthest_package_first,3,3,50,2315,2216,35468.92,2277.62,3939,9510,0.8,1093.58,1083.7,6000,0.0,0.0,-10,0.5,0.33,-10,24
farthest_package_first,4,3,50,2225,2139,31982.34,2663.82,3787,9153,0.81,1099.83,1081.44,6000,0.0,-10,-10,0.5,-10,-10,25
farthest_package_first,5,3,50,3324,3239,37434.04,2640.25,4275,10060,0.78,1402.16,1415.46,6360,53.6,-10,0.0,0.7,-10,0.5,25
farthest_package_first,6,3,50,2777,2681,42344.56,2200.69,4558,10428,0.76,1302.26,1244.56,6240,0.0,0.0,66.5,0.5,0.33,0.5,29
farthest_package_first,7,3,50,2684,2566,40994.9,2737.84,4464,10293,0.77,1320.92,1286.06,6240,0.0,0.0,27.0,0.5,0.33,0.5,30
farthest_package_first,8,3,50,2810,2702,39535.37,3099.96,4305,10032,0.78,1264.57,1227.36,6120,694.5,0.0,-10,0.75,0.33,-10,28
farthest_package_first,9,3,50,2494,2406,37853.7,2959.0,4200,9863,0.78,1208.27,1226.06,6120,0.0,0.0,872.0,0.5,0.33,0.5,28
farthest_package_first,0,3,100,5963,5866,92763.72,2646.48,10057,21786,0.72,2997.36,2988.42,12600,31.11,806.0,312.0,0.56,0.67,0.5,77
farthest_package_first,1,3,100,5429,5342,89327.92,2508.64,9820,21312,0.72,2785.55,2778.79,12480,0.0,22.29,92.0,0.5,0.38,0.5,77
farthest_package_first,2,3,100,5163,5077,90930.61,2630.99,9994,21604,0.72,2691.72,2713.44,12600,0.0,64.5,220.25,0.5,0.5,0.5,71
farthest_package_first,3,3,100,4926,4855,78280.08,2031.3,9127,20103,0.73,2506.61,2565.41,12360,0.0,0.0,373.33,0.5,0.33,0.5,68
farthest_package_first,4,3,100,5435,5358,86621.87,2404.78,9611,20919,0.73,2718.64,2746.4,12360,105.89,408.5,1102.0,0.56,0.5,0.5,73
farthest_package_first,5,3,100,5050,4933,85754.08,2728.7,9532,20721,0.72,2601.82,2634.07,12240,58.38,80.5,-10,0.56,0.42,-10,69
farthest_package_first,6,3,100,5628,5540,95439.81,2495.48,10176,21929,0.72,2985.86,2820.03,12480,0.0,317.33,105.5,0.5,0.56,0.5,76
farthest_package_first,7,3,100,5727,5646,90287.44,2271.2,9791,21295,0.72,2746.3,2797.77,12360,15.88,148.6,66.0,0.56,0.4,0.5,73
farthest_package_first,8,3,100,5820,5719,95721.96,2586.48,10189,21837,0.71,2917.23,2930.13,12360,77.25,548.0,498.0,0.56,0.5,0.5,76
farthest_package_first,9,3,100,5442,5330,92213.63,2681.72,9973,21605,0.72,2729.7,2723.77,12480,28.38,97.5,768.0,0.54,0.42,0.5,74
farthest_package_first,0,3,200,8042,7895,112372.88,6429.7,15280,36009,0.79,4097.98,4119.6,24960,86.0,51.09,105.0,0.56,0.39,0.5,144
farthest_package_first,1,3,200,9417,9275,116456.86,6088.1,15658,36312,0.77,4274.15,4212.97,24840,0.0,133.67,110.33,0.5,0.44,0.5,142
farthest_package_first,2,3,200,8260,8115,114078.62,6165.35,15472,36067,0.78,4078.49,4143.45,24840,87.61,372.29,193.0,0.56,0.48,0.5,136
farthest_package_first,3,3,200,8287,8142,106112.36,8224.83,14761,35163,0.79,4083.91,3932.62,24720,172.82,256.4,145.25,0.55,0.4,0.5,129
farthest_package_first,4,3,200,9081,8951,116195.93,8180.84,15885,36879,0.77,4286.37,4200.9,25440,78.58,81.38,211.5,0.58,0.38,0.5,135
farthest_package_first,5,3,200,8862,8721,116194.56,6227.86,15511,36169,0.78,4073.41,4115.69,24720,72.36,448.5,52.0,0.54,0.67,0.5,134
farthest_package_first,6,3,200,8556,8432,110295.65,6283.41,15074,35566,0.79,3958.68,4057.64,24720,129.68,23.5,73.5,0.58,0.42,0.5,129
farthest_package_first,7,3,200,7872,7769,106007.64,7091.98,14845,35382,0.79,4033.57,3974.11,24960,119.25,70.88,178.25,0.56,0.42,0.5,124
farthest_package_first,8,3,200,8490,8387,110024.33,6359.47,14916,35551,0.79,4063.42,4059.44,24720,131.94,11.86,60.0,0.58,0.38,0.5,133
farthest_package_first,9,3,200,8769,8643,113602.63,8120.02,15386,36491,0.79,4145.07,4196.94,25320,86.42,76.0,52.25,0.58,0.5,0.5,132
farthest_package_first,0,3,500,17995,17899,179968.71,13469.04,32360,80322,0.83,8401.54,8421.8,62760,69.49,25.38,155.45,0.57,0.4,0.5,334
farthest_package_first,1,3,500,17253,17177,168945.85,13444.86,31354,78501,0.83,8108.63,8293.51,62040,63.68,51.82,246.0,0.56,0.36,0.5,312
farthest_package_first,2,3,500,19046,18939,176397.25,17049.17,32310,80173,0.83,8766.38,8644.35,63000,198.6,27.32,129.17,0.61,0.37,0.5,329
farthest_package_first,3,3,500,16664,16559,164781.93,14070.88,31126,78090,0.84,8126.7,8291.86,62040,113.43,99.93,108.83,0.57,0.47,0.5,303
farthest_package_first,4,3,500,16617,16517,169379.9,12336.88,31607,78910,0.83,8227.79,8303.1,62400,54.1,24.78,228.0,0.57,0.36,0.5,318
farthest_package_first,5,3,500,17066,16958,170925.52,14456.95,32059,79533,0.83,8237.82,8403.81,62880,108.88,272.6,230.12,0.62,0.47,0.5,314
farthest_package_first,6,3,500,16994,16969,165081.67,14499.79,31184,78090,0.83,8396.74,8304.02,62040,51.89,82.57,201.11,0.54,0.4,0.5,317
farthest_package_first,7,3,500,16957,16865,175808.51,16267.51,31838,79156,0.83,8469.76,8440.37,62040,39.65,102.43,87.43,0.53,0.41,0.5,334
farthest_package_first,8,3,500,17151,17124,174520.03,14007.03,32052,80231,0.83,8439.01,8457.25,63240,92.75,191.44,113.0,0.56,0.48,0.5,320
farthest_package_first,9,3,500,18542,18365,170513.94,14348.73,31571,78279,0.83,8420.2,8329.95,61680,20.31,92.96,171.29,0.54,0.38,0.5,328
farthest_package_first,0,4,50,2321,2237,27752.34,2661.76,3473,8739,0.84,1010.08,985.52,6000,0.0,-10,-10,0.5,-10,-10,13
farthest_package_first,1,4,50,2479,2412,34836.19,2555.4,4070,9799,0.8,1159.64,1214.1,6360,30.7,363.0,-10,0.55,0.56,-10,26
farthest_package_first,2,4,50,2626,2546,33022.59,2669.4,3765,9383,0.83,1076.72,1051.72,6120,72.12,0.0,-10,0.56,0.33,-10,18
farthest_package_first,3,4,50,2314,2214,31531.68,2277.62,3835,9116,0.79,1017.91,1006.06,6000,0.0,0.0,-10,0.5,0.33,-10,23
farthest_package_first,4,4,50,2048,1975,27044.68,2663.82,3449,8662,0.84,998.38,977.32,6000,0.0,-10,-10,0.5,-10,-10,20
farthest_package_first,5,4,50,2858,2773,31645.71,2640.25,3887,9247,0.79,1226.59,1227.84,6120,0.0,-10,457.0,0.5,-10,0.5,18
farthest_package_first,6,4,50,2341,2245,33250.26,2200.69,3947,9403,0.79,1106.02,1061.58,6120,0.0,532.0,0.0,0.5,0.67,0.25,23
farthest_package_first,7,4,50,2453,2335,33119.51,2737.84,3943,9391,0.79,1117.2,1104.44,6120,226.0,0.0,0.0,0.62,0.33,0.25,20
farthest_package_first,8,4,50,2502,2397,30958.93,3099.96,3712,9057,0.81,1085.93,1047.48,6000,0.0,0.0,-10,0.5,0.33,-10,18
farthest_package_first,9,4,50,2348,2259,32734.05,2959.0,3872,9350,0.8,1031.62,1072.56,6120,0.0,0.0,798.0,0.5,0.33,0.5,23
farthest_package_first,0,4,100,5509,5411,81849.41,2646.48,9233,20342,0.73,2676.75,2651.98,12240,3.89,0.0,70.0,0.53,0.33,0.38,69
farthest_package_first,1,4,100,5057,4967,78444.04,2508.64,8975,19994,0.74,2504.2,2522.74,12240,169.71,353.0,0.0,0.57,0.38,0.25,67
farthest_package_first,2,4,100,4830,4748,80397.27,2630.99,9102,20077,0.74,2412.48,2431.03,12120,0.0,0.0,102.25,0.5,0.33,0.31,62
farthest_package_first,3,4,100,4359,4288,65550.91,2031.3,8118,18597,0.76,2181.77,2191.68,12120,0.0,0.0,94.0,0.5,0.33,0.33,56
farthest_package_first,4,4,100,5179,5102,81861.31,2404.78,9204,20327,0.74,2528.28,2555.33,12240,14.89,463.0,0.0,0.56,0.5,0.25,70
farthest_package_first,5,4,100,4813,4731,83275.07,2728.7,9283,20590,0.74,2498.01,2540.28,12360,171.0,392.5,-10,0.56,0.5,-10,71
farthest_package_first,6,4,100,5153,5054,84989.48,2495.48,9383,20412,0.73,2706.33,2531.03,12000,0.0,0.0,0.0,0.5,0.33,0.25,69
farthest_package_first,7,4,100,5462,5381,84154.9,2271.2,9295,20328,0.73,2561.07,2588.71,12000,0.0,0.0,0.0,0.5,0.33,0.25,69
farthest_package_first,8,4,100,5457,5346,87520.5,2586.48,9680,21140,0.73,2640.36,2698.08,12480,199.75,2186.5,498.0,0.62,0.5,0.5,71
farthest_package_first,9,4,100,5124,5012,87413.76,2681.72,9526,20768,0.73,2585.09,2579.29,12120,0.0,208.0,0.0,0.5,0.42,0.25,70
farthest_package_first,0,4,200,7513,7367,96229.89,6429.7,14058,33928,0.8,3748.17,3757.09,24480,18.56,162.73,95.75,0.53,0.39,0.31,117
farthest_package_first,1,4,200,8700,8558,102872.61,6088.1,14634,34720,0.79,3973.04,3920.46,24600,54.04,338.75,0.0,0.54,0.42,0.25,121
farthest_package_first,2,4,200,7719,7574,99247.75,6165.35,14271,34121,0.8,3661.43,3724.76,24360,66.11,372.43,0.0,0.53,0.43,0.25,116
farthest_package_first,3,4,200,8013,7868,95624.44,8224.83,14180,34122,0.8,3890.45,3770.03,24720,152.45,666.2,202.5,0.55,0.47,0.44,115
farthest_package_first,4,4,200,8588,8458,105771.77,8180.84,14869,35133,0.79,3995.75,3913.5,24720,20.74,193.5,307.12,0.53,0.42,0.34,120
farthest_package_first,5,4,200,8126,7985,102769.53,6227.86,14409,34235,0.79,3670.81,3700.49,24120,0.0,332.5,0.0,0.5,0.5,0.25,120
farthest_package_first,6,4,200,8286,8162,99042.78,6283.41,14121,34091,0.8,3666.09,3758.71,24360,127.42,0.0,171.0,0.55,0.33,0.38,115
farthest_package_first,7,4,200,7388,7285,92003.82,7091.98,13755,33278,0.81,3707.33,3645.07,24240,30.81,155.5,0.0,0.53,0.38,0.25,104
farthest_package_first,8,4,200,7814,7712,95032.64,6359.47,13829,33695,0.81,3712.21,3698.28,24360,53.83,0.0,117.5,0.56,0.33,0.38,114
farthest_package_first,9,4,200,8256,8126,100696.73,8120.02,14282,34377,0.8,3808.63,3849.11,24480,107.53,15.12,20.25,0.55,0.38,0.31,114
farthest_package_first,0,4,500,17148,17048,160357.74,13469.04,30780,76833,0.83,8033.27,8056.99,61200,100.49,103.76,109.09,0.55,0.37,0.3,286
farthest_package_first,1,4,500,16728,16652,152886.92,13444.86,30069,76073,0.84,7739.31,7915.31,61200,53.62,72.73,371.44,0.53,0.39,0.36,280
farthest_package_first,2,4,500,17516,17401,156829.25,17049.17,30251,76554,0.84,8203.02,8086.25,61320,33.46,11.16,201.33,0.54,0.35,0.38,289
farthest_package_first,3,4,500,15963,15858,146234.36,14070.88,29747,75417,0.85,7709.2,7868.82,61200,61.0,47.73,380.83,0.55,0.38,0.42,266
farthest_package_first,4,4,500,16221,16103,157016.88,12336.88,30602,76967,0.84,7964.01,8045.07,61680,117.93,95.74,246.25,0.56,0.39,0.35,287
farthest_package_first,5,4,500,16186,16105,150405.98,14456.95,30241,76303,0.84,7799.58,7954.39,61680,62.85,223.95,192.12,0.55,0.45,0.38,266
farthest_package_first,6,4,500,16272,16247,148015.83,14499.79,29857,75692,0.85,8022.25,7935.26,61320,54.77,176.67,128.0,0.54,0.4,0.33,276
farthest_package_first,7,4,500,16459,16289,157333.02,16267.51,30535,76743,0.84,8086.26,8051.23,61440,13.11,177.93,192.43,0.53,0.41,0.32,290
farthest_package_first,8,4,500,16370,16341,158566.98,14007.03,30573,76981,0.84,7980.39,7998.8,61560,100.71,79.61,118.69,0.55,0.39,0.35,289
farthest_package_first,9,4,500,18026,17849,156602.88,14348.73,30518,76310,0.83,8113.7,8021.54,61080,78.43,36.27,129.43,0.55,0.37,0.32,289
closest_package_first,0,1,50,3458,3256,51844.89,2661.76,5445,11248,0.69,1182.78,1202.42,6120,0.0,-10,-10,1.0,-10,-10,30
closest_package_first,1,1,50,4098,3933,72293.4,2555.4,7471,15080,0.67,1570.44,1505.0,7920,100.6,315.0,-10,1.0,1.0,-10,45
closest_package_first,2,1,50,4493,4314,68714.35,2669.4,6985,14012,0.67,1567.3,1595.76,7200,103.25,175.0,-10,1.0,1.0,-10,42
closest_package_first,3,1,50,3562,3398,62617.33,2277.62,6233,12812,0.69,1372.13,1378.34,6600,111.67,26.0,-10,1.0,1.0,-10,36
closest_package_first,4,1,50,3291,3128,51410.8,2663.82,5504,11324,0.69,1154.02,1161.84,6240,25.0,-10,-10,1.0,-10,-10,30
closest_package_first,5,1,50,4826,4644,61939.03,2640.25,6491,13090,0.67,1590.0,1560.32,6960,14.8,-10,415.0,1.0,-10,1.0,39
closest_package_first,6,1,50,4599,4434,73272.57,2200.69,7254,14580,0.67,1645.11,1587.72,7320,27.33,321.0,404.5,1.0,1.0,1.0,44
closest_package_first,7,1,50,4163,3969,70297.26,2737.84,7129,14646,0.68,1524.97,1545.74,7680,96.5,144.5,339.5,1.0,1.0,1.0,42
closest_package_first,8,1,50,3905,3703,61323.96,3099.96,6286,12798,0.68,1415.62,1491.96,6720,96.5,90.0,-10,1.0,1.0,-10,37
closest_package_first,9,1,50,3668,3488,62338.44,2959.0,6332,13372,0.7,1442.35,1477.54,7200,21.67,255.5,303.0,1.0,1.0,1.0,39
closest_package_first,0,1,100,8738,8538,141024.71,2646.48,14405,29108,0.67,3050.05,3000.05,15120,107.83,240.0,337.5,1.0,1.0,1.0,96
closest_package_first,1,1,100,7559,7377,140789.43,2508.64,14550,29532,0.68,3053.15,3053.14,15600,89.57,217.43,368.0,1.0,1.0,1.0,104
closest_package_first,2,1,100,8316,8118,143914.16,2630.99,14471,28908,0.67,3097.9,3013.1,14640,100.67,228.0,402.5,1.0,1.0,1.0,97
closest_package_first,3,1,100,7005,6824,132200.46,2031.3,13708,27978,0.68,2846.35,2786.33,14880,156.27,183.0,312.0,1.0,1.0,1.0,97
closest_package_first,4,1,100,7305,7129,129481.84,2404.78,13109,26740,0.68,2784.31,2813.44,13920,96.33,290.0,335.0,1.0,1.0,1.0,88
closest_package_first,5,1,100,6938,6713,134214.98,2728.7,13487,27216,0.67,2870.75,2842.33,13920,151.75,186.5,-10,1.0,1.0,-10,90
closest_package_first,6,1,100,7893,7710,141264.61,2495.48,14199,28762,0.68,2989.33,3195.24,14760,98.73,245.33,229.5,1.0,1.0,1.0,97
closest_package_first,7,1,100,8186,8021,138580.06,2271.2,14026,28256,0.67,3046.85,3014.2,14520,111.25,290.2,295.0,1.0,1.0,1.0,96
closest_package_first,8,1,100,7659,7450,138119.64,2586.48,13768,27492,0.67,2887.65,2893.49,13800,105.88,68.0,498.0,1.0,1.0,1.0,92
closest_package_first,9,1,100,8690,8483,153502.18,2681.72,15202,30456,0.67,3305.98,3260.47,15240,121.46,281.75,350.5,1.0,1.0,1.0,105
closest_package_first,0,1,200,11902,11702,182682.07,6429.7,22341,48248,0.72,5408.66,5379.17,30240,104.39,174.27,278.5,1.0,1.0,1.0,208
closest_package_first,1,1,200,13637,13437,190347.13,6088.1,23018,49516,0.72,5739.45,5654.15,30720,83.43,191.75,245.33,1.0,1.0,1.0,219
closest_package_first,2,1,200,11364,11167,178594.68,6165.35,21518,46184,0.72,5177.99,5280.98,28560,100.06,176.71,251.5,1.0,1.0,1.0,196
closest_package_first,3,1,200,11751,11549,170483.09,8224.83,20751,44792,0.72,5106.47,5035.52,27960,122.73,158.8,224.75,1.0,1.0,1.0,191
closest_package_first,4,1,200,12970,12786,196094.31,8180.84,23480,50438,0.72,5668.64,5576.92,31080,82.37,187.0,277.62,1.0,1.0,1.0,219
closest_package_first,5,1,200,11463,11263,172630.35,6227.86,20609,44282,0.72,4976.13,4937.54,27240,72.14,287.0,296.67,1.0,1.0,1.0,185
closest_package_first,6,1,200,11868,11682,174526.28,6283.41,21000,45174,0.72,5029.63,5171.36,27960,83.84,168.75,245.5,1.0,1.0,1.0,191
closest_package_first,7,1,200,11740,11544,177938.81,7091.98,21745,46828,0.72,5265.32,5343.47,29280,45.12,158.88,221.25,1.0,1.0,1.0,202
closest_package_first,8,1,200,12366,12197,178365.37,6359.47,21418,46170,0.72,5300.78,5138.62,28560,101.67,163.29,318.0,1.0,1.0,1.0,196
closest_package_first,9,1,200,12506,12313,185223.38,8120.02,22374,47910,0.71,5354.64,5426.1,29640,87.95,163.62,238.5,1.0,1.0,1.0,204
closest_package_first,0,1,500,24837,24701,294655.03,13469.04,45169,104440,0.77,11391.8,11378.25,75600,80.85,128.71,220.82,1.0,1.0,1.0,544
closest_package_first,1,1,500,24133,24021,287188.76,13444.86,43925,101186,0.77,11191.34,11480.18,73080,54.35,160.55,199.89,1.0,1.0,1.0,516
closest_package_first,2,1,500,26026,25883,294759.43,17049.17,44926,103932,0.77,11642.21,11448.56,75120,66.5,126.26,217.58,1.0,1.0,1.0,532
closest_package_first,3,1,500,22068,21935,275550.62,14070.88,42146,97188,0.77,10731.45,10977.02,70200,73.81,149.0,203.83,1.0,1.0,1.0,494
closest_package_first,4,1,500,23411,23274,288658.1,12336.88,44702,103152,0.77,11260.71,11255.2,74880,68.76,149.17,218.17,1.0,1.0,1.0,531
closest_package_first,5,1,500,22640,22499,280434.11,14456.95,42954,99086,0.77,10873.17,11038.45,71640,66.58,125.9,219.75,1.0,1.0,1.0,498
closest_package_first,6,1,500,23497,23434,279364.82,14499.79,43603,101224,0.77,11185.33,11181.33,73920,76.98,113.95,184.22,1.0,1.0,1.0,520
closest_package_first,7,1,500,23963,23878,296418.58,16267.51,45261,104228,0.77,11592.11,11523.72,75240,74.67,152.3,221.29,1.0,1.0,1.0,533
closest_package_first,8,1,500,23559,23494,295689.37,14007.03,45095,103688,0.77,11402.94,11395.01,74760,68.1,140.56,216.08,1.0,1.0,1.0,530
closest_package_first,9,1,500,25187,24980,286911.48,14348.73,44305,101852,0.77,11292.43,11139.55,73800,81.14,142.62,207.43,1.0,1.0,1.0,533
closest_package_first,0,2,50,3066,2864,41000.94,2661.76,4666,10056,0.72,954.14,969.2,6000,0.0,-10,-10,0.5,-10,-10,18
closest_package_first,1,2,50,3274,3109,51672.61,2555.4,5539,12075,0.73,1210.24,1183.22,6960,113.6,446.33,-10,0.75,0.67,-10,24
closest_package_first,2,2,50,3469,3290,50612.09,2669.4,5347,11375,0.71,1187.57,1194.0,6360,16.88,195.0,-10,0.56,1.0,-10,24
closest_package_first,3,2,50,3159,2995,48088.59,2277.62,5026,11008,0.73,1103.36,1111.0,6240,73.0,516.0,-10,0.67,0.67,-10,21
closest_package_first,4,2,50,2709,2546,42773.42,2663.82,4693,10351,0.74,952.88,964.3,6120,80.5,-10,-10,0.75,-10,-10,19
closest_package_first,5,2,50,3952,3770,49325.64,2640.25,5438,11243,0.69,1273.74,1254.32,6360,66.6,-10,156.0,0.7,-10,0.5,26
closest_package_first,6,2,50,3505,3340,55548.88,2200.69,5857,11982,0.68,1270.08,1207.74,6480,69.67,9.0,113.5,0.67,0.67,0.5,30
closest_package_first,7,2,50,3186,2992,53589.68,2737.84,5559,11909,0.71,1175.23,1168.44,6600,10.25,193.0,99.5,0.62,0.67,0.5,27
closest_package_first,8,2,50,3425,3223,50803.06,3099.96,5371,11398,0.71,1146.84,1215.26,6360,0.0,356.5,-10,0.5,0.83,-10,26
closest_package_first,9,2,50,3129,2949,48816.03,2959.0,5228,11315,0.72,1129.38,1146.06,6480,0.0,66.0,652.0,0.5,0.67,0.75,26
closest_package_first,0,2,100,6927,6727,108816.93,2646.48,11468,23632,0.69,2432.26,2385.04,12840,51.33,104.0,200.0,0.58,0.67,0.62,68
closest_package_first,1,2,100,6346,6164,111688.1,2508.64,11817,24253,0.68,2393.46,2382.08,13200,0.0,112.71,169.0,0.5,0.67,0.5,75
closest_package_first,2,2,100,6542,6344,118429.88,2630.99,12143,24700,0.68,2548.66,2502.12,12960,377.67,88.5,134.0,0.67,0.67,0.5,75
closest_package_first,3,2,100,5920,5739,103535.36,2031.3,11150,22979,0.69,2282.9,2231.34,12720,0.0,105.0,360.67,0.5,0.67,0.58,70
closest_package_first,4,2,100,6392,6216,108871.92,2404.78,11300,23384,0.69,2291.79,2336.17,12600,151.67,533.5,140.0,0.61,0.67,0.5,68
closest_package_first,5,2,100,5981,5784,110972.88,2728.7,11432,23474,0.68,2336.22,2313.57,12480,0.0,112.25,-10,0.5,0.67,-10,68
closest_package_first,6,2,100,6624,6441,118570.76,2495.48,12085,24476,0.68,2328.23,2482.87,12720,9.91,142.67,90.5,0.55,0.67,0.5,75
closest_package_first,7,2,100,6999,6834,113397.36,2271.2,11666,24319,0.69,2512.28,2484.11,13080,29.12,103.6,60.0,0.69,0.67,0.5,72
closest_package_first,8,2,100,6844,6635,116001.45,2586.48,11780,23980,0.68,2439.55,2443.99,12480,15.0,151.0,79.0,0.56,0.67,0.5,72
closest_package_first,9,2,100,6738,6531,120398.73,2681.72,12253,24774,0.67,2522.23,2492.61,12840,5.23,121.5,95.5,0.54,0.67,0.5,76
closest_package_first,0,2,200,9820,9620,146977.34,6429.7,18402,40527,0.73,4449.73,4413.15,26040,7.72,85.55,126.5,0.53,0.67,0.56,156
closest_package_first,1,2,200,11017,10817,151145.38,6088.1,18742,40960,0.73,4631.51,4555.7,26040,6.65,140.75,91.0,0.54,0.67,0.5,163
closest_package_first,2,2,200,9880,9683,150469.01,6165.35,18464,40287,0.73,4410.08,4494.91,25440,80.56,113.43,36.5,0.58,0.67,0.5,156
closest_package_first,3,2,200,10073,9871,146245.03,8224.83,18102,39516,0.73,4430.2,4362.34,25080,0.0,149.6,96.0,0.5,0.67,0.5,152
closest_package_first,4,2,200,10933,10749,155696.21,8180.84,19056,41769,0.73,4678.15,4604.49,26400,49.32,191.12,140.38,0.55,0.71,0.53,160
closest_package_first,5,2,200,10074,9874,146378.36,6227.86,18033,39293,0.73,4333.67,4287.33,24840,33.5,55.5,103.0,0.57,0.67,0.5,150
closest_package_first,6,2,200,10480,10294,146472.83,6283.41,18032,39533,0.73,4219.37,4338.62,25080,17.58,121.75,132.5,0.55,0.67,0.62,151
closest_package_first,7,2,200,9911,9715,149067.03,7091.98,18506,40503,0.73,4466.3,4532.4,25800,40.88,99.88,159.0,0.56,0.67,0.56,158
closest_package_first,8,2,200,10480,10311,146296.92,6359.47,18440,40004,0.72,4525.21,4394.42,25560,90.44,134.86,95.5,0.61,0.67,0.5,150
closest_package_first,9,2,200,10441,10248,150138.49,8120.02,18674,40606,0.72,4485.58,4536.4,25800,6.53,79.25,158.5,0.53,0.67,0.62,158
closest_package_first,0,2,500,20811,20675,236884.08,13469.04,37656,87866,0.78,9553.35,9537.02,64680,33.98,74.19,67.27,0.56,0.67,0.5,416
closest_package_first,1,2,500,20306,20194,237502.34,13444.86,37343,86731,0.77,9369.92,9615.92,63480,38.08,94.36,149.22,0.55,0.67,0.58,405
closest_package_first,2,2,500,21759,21616,239989.31,17049.17,37658,87905,0.78,9878.03,9716.21,64440,26.12,119.68,77.08,0.56,0.67,0.5,410
closest_package_first,3,2,500,19347,19200,233316.28,14070.88,36768,85491,0.78,9094.58,9304.44,62640,3.22,115.27,78.17,0.51,0.67,0.5,394
closest_package_first,4,2,500,19707,19570,234799.07,12336.88,37614,87908,0.78,9479.87,9474.01,64920,23.48,121.17,66.17,0.55,0.68,0.52,415
closest_package_first,5,2,500,19914,19787,234848.27,14456.95,37355,86949,0.78,9309.13,9459.34,63960,32.15,81.25,131.25,0.55,0.68,0.53,399
closest_package_first,6,2,500,19935,19872,232046.66,14499.79,37327,86886,0.78,9568.45,9559.31,64200,11.55,83.81,64.44,0.54,0.67,0.53,411
closest_package_first,7,2,500,20309,20100,242602.94,16267.51,38091,88888,0.78,9759.33,9708.97,65160,47.74,89.83,71.43,0.57,0.67,0.5,415
closest_package_first,8,2,500,19991,19926,240433.04,14007.03,37775,87719,0.77,9585.27,9576.47,64200,35.85,95.06,72.08,0.54,0.67,0.5,411
closest_package_first,9,2,500,21743,21536,237184.65,14348.73,37702,87870,0.78,9726.79,9594.35,64680,33.62,90.19,49.71,0.57,0.67,0.5,422
closest_package_first,0,3,50,2950,2748,36540.01,2661.76,4457,9615,0.72,912.16,926.38,6000,0.0,-10,-10,0.5,-10,-10,18
closest_package_first,1,3,50,3025,2860,44184.52,2555.4,4913,10614,0.72,1043.12,1028.3,6240,0.0,322.0,-10,0.5,0.56,-10,21
closest_package_first,2,3,50,3205,3026,43278.15,2669.4,4753,10527,0.74,1053.52,1065.1,6240,63.75,10.0,-10,0.56,0.67,-10,17
closest_package_first,3,3,50,2967,2803,42949.19,2277.62,4744,10495,0.74,992.27,1015.7,6240,189.33,366.0,-10,0.67,0.67,-10,19
closest_package_first,4,3,50,2493,2330,34613.34,2663.82,4091,9422,0.77,860.5,867.98,6000,0.0,-10,-10,0.5,-10,-10,11
closest_package_first,5,3,50,3686,3504,41123.18,2640.25,4689,10312,0.73,1150.07,1130.9,6240,128.0,-10,269.0,0.6,-10,0.5,17
closest_package_first,6,3,50,3210,3045,47941.27,2200.69,5180,11229,0.72,1103.07,1067.58,6480,181.33,538.0,141.5,0.67,0.67,0.5,21
closest_package_first,7,3,50,2929,2735,42582.01,2737.84,4856,10574,0.73,1027.19,1006.76,6360,0.0,92.5,46.5,0.5,0.5,0.5,19
closest_package_first,8,3,50,3152,2950,43815.24,3099.96,5019,10584,0.7,1014.46,1076.96,6240,0.0,334.5,-10,0.5,0.67,-10,21
closest_package_first,9,3,50,2766,2586,40793.6,2959.0,4683,10396,0.74,1002.18,1019.08,6360,113.33,414.0,645.0,0.67,0.5,0.5,21
closest_package_first,0,3,100,6647,6447,103741.3,2646.48,11017,22888,0.69,2275.17,2227.0,12600,26.33,343.0,130.0,0.56,0.67,0.5,63
closest_package_first,1,3,100,5954,5772,102886.8,2508.64,11118,23144,0.69,2228.45,2237.27,12960,287.43,222.0,110.67,0.71,0.43,0.5,67
closest_package_first,2,3,100,5831,5633,106519.76,2630.99,11053,23158,0.7,2234.06,2191.59,12600,31.17,0.0,143.25,0.58,0.33,0.5,61
closest_package_first,3,3,100,5566,5385,94165.15,2031.3,10572,22170,0.7,2097.01,2060.94,12840,110.18,278.5,603.0,0.64,0.5,0.5,59
closest_package_first,4,3,100,6071,5895,98179.18,2404.78,10487,22201,0.71,2054.02,2117.24,12480,160.22,566.0,611.0,0.61,0.5,0.5,56
closest_package_first,5,3,100,5933,5736,103932.85,2728.7,11150,22655,0.68,2239.25,2239.08,12360,11.25,588.25,-10,0.56,0.5,-10,67
closest_package_first,6,3,100,6493,6310,108836.37,2495.48,11368,23508,0.69,2210.83,2347.4,12720,127.36,0.0,376.0,0.68,0.33,0.5,66
closest_package_first,7,3,100,6580,6415,101025.51,2271.2,10684,22252,0.69,2264.31,2247.08,12240,58.5,0.0,167.0,0.56,0.33,0.5,63
closest_package_first,8,3,100,6504,6295,105715.38,2586.48,11105,22962,0.69,2164.64,2184.37,12480,246.12,90.5,198.0,0.62,0.5,0.5,60
closest_package_first,9,3,100,6149,5942,111443.87,2681.72,11586,23647,0.68,2407.2,2388.03,12600,21.77,189.5,330.0,0.54,0.42,0.62,71
closest_package_first,0,3,200,9133,8933,131999.45,6429.7,17059,38091,0.74,4126.98,4088.23,25080,95.17,24.45,104.0,0.58,0.39,0.5,136
closest_package_first,1,3,200,10741,10541,135749.46,6088.1,17406,38479,0.74,4368.33,4290.51,25080,66.7,85.08,82.33,0.59,0.39,0.5,141
closest_package_first,2,3,200,9353,9156,136114.05,6165.35,17363,38264,0.73,4070.32,4148.52,24840,124.78,0.0,56.0,0.64,0.33,0.5,138
closest_package_first,3,3,200,9639,9437,135940.6,8224.83,17283,38135,0.74,4196.39,4125.01,24720,16.27,33.0,72.25,0.55,0.4,0.5,139
closest_package_first,4,3,200,10421,10237,144987.18,8180.84,18155,39867,0.73,4399.83,4337.81,25560,132.79,95.38,241.5,0.55,0.46,0.5,150
closest_package_first,5,3,200,9666,9466,134759.86,6227.86,17191,37907,0.74,4065.38,4020.22,24600,61.64,0.0,91.67,0.57,0.33,0.5,135
closest_package_first,6,3,200,9872,9686,132883.98,6283.41,16927,37471,0.74,3847.55,3947.68,24360,0.0,58.0,68.0,0.5,0.42,0.5,129
closest_package_first,7,3,200,9440,9244,136835.82,7091.98,17554,38693,0.73,4142.29,4199.89,25200,71.0,209.62,150.5,0.56,0.5,0.5,142
closest_package_first,8,3,200,9568,9399,133332.74,6359.47,17143,37763,0.73,4121.86,4006.33,24600,53.89,11.71,130.0,0.56,0.38,0.5,136
closest_package_first,9,3,200,10011,9818,137532.25,8120.02,17516,38523,0.73,4095.28,4138.1,24960,32.89,48.88,111.75,0.53,0.46,0.5,140
closest_package_first,0,3,500,19950,19814,218860.95,13469.04,35697,83818,0.78,8880.24,8865.36,62400,23.75,83.14,89.36,0.54,0.41,0.5,372
closest_package_first,1,3,500,19479,19367,219174.24,13444.86,35600,83494,0.78,8778.96,9012.06,62040,19.22,112.55,103.0,0.55,0.39,0.5,362
closest_package_first,2,3,500,20936,20793,221531.4,17049.17,35825,84418,0.79,9294.24,9129.19,62760,47.44,84.05,73.92,0.55,0.44,0.5,372
closest_package_first,3,3,500,18613,18466,216851.41,14070.88,35192,82908,0.79,8677.88,8879.56,61680,66.41,56.67,100.83,0.57,0.4,0.5,359
closest_package_first,4,3,500,18494,18357,213423.25,12336.88,35124,83046,0.79,8778.49,8766.7,62160,27.62,46.26,87.67,0.55,0.36,0.5,365
closest_package_first,5,3,500,18843,18716,216774.1,14456.95,35488,83256,0.78,8798.13,8935.77,62040,7.27,84.05,128.75,0.52,0.45,0.53,361
closest_package_first,6,3,500,19113,19050,215045.94,14499.79,35294,83181,0.79,9036.35,9031.02,62160,60.11,57.71,117.0,0.54,0.41,0.5,370
closest_package_first,7,3,500,18744,18657,218284.48,16267.51,35455,83383,0.78,9071.51,9017.49,62040,12.7,123.67,100.29,0.52,0.42,0.5,359
closest_package_first,8,3,500,19060,18995,222539.11,14007.03,36115,84290,0.78,9096.96,9079.19,62520,50.69,44.89,65.85,0.54,0.41,0.5,376
closest_package_first,9,3,500,20762,20555,216256.17,14348.73,35407,83176,0.78,9132.33,9009.49,62040,23.24,74.54,172.71,0.56,0.4,0.5,377
closest_package_first,0,4,50,2559,2357,28905.14,2661.76,3680,8855,0.8,815.69,827.98,6000,0.0,-10,-10,0.5,-10,-10,6
closest_package_first,1,4,50,2822,2657,38907.68,2555.4,4594,10444,0.76,982.97,962.04,6600,127.9,127.67,-10,0.7,0.44,-10,15
closest_package_first,2,4,50,2713,2534,32421.19,2669.4,3902,9204,0.79,881.22,892.76,6000,0.0,0.0,-10,0.5,0.33,-10,9
closest_package_first,3,4,50,2333,2169,31548.48,2277.62,3977,9239,0.77,837.84,848.5,6120,169.33,0.0,-10,0.67,0.33,-10,11
closest_package_first,4,4,50,2170,2007,27313.25,2663.82,3469,8817,0.85,805.38,812.5,6120,118.5,-10,-10,0.75,-10,-10,4
closest_package_first,5,4,50,3239,3074,34587.3,2640.25,4212,9540,0.75,1057.69,1017.86,6120,63.8,-10,0.0,0.6,-10,0.25,13
closest_package_first,6,4,50,2609,2444,38687.89,2200.69,4418,10189,0.77,966.84,917.78,6360,13.67,160.0,313.5,0.67,0.67,0.38,13
closest_package_first,7,4,50,2461,2267,32415.16,2737.84,4041,9446,0.78,886.89,876.02,6240,51.25,134.0,0.0,0.62,0.5,0.25,10
closest_package_first,8,4,50,2768,2566,34556.24,3099.96,4193,9421,0.75,876.45,916.64,6000,0.0,0.0,-10,0.5,0.33,-10,13
closest_package_first,9,4,50,2665,2485,33642.39,2959.0,4123,9566,0.77,886.7,925.32,6240,0.0,480.5,336.0,0.5,0.5,0.5,13
closest_package_first,0,4,100,6175,5975,97249.03,2646.48,10520,22005,0.7,2155.6,2113.02,12360,55.94,187.0,98.5,0.53,0.67,0.38,58
closest_package_first,1,4,100,5828,5646,96982.53,2508.64,10604,22202,0.7,2102.35,2129.97,12600,355.29,121.57,247.67,0.64,0.43,0.33,62
closest_package_first,2,4,100,5330,5132,94367.96,2630.99,10273,21593,0.7,2050.96,2007.88,12240,21.33,0.0,37.0,0.58,0.33,0.31,54
closest_package_first,3,4,100,5255,5074,85810.87,2031.3,9642,20982,0.73,1921.33,1888.37,12480,46.0,216.5,429.33,0.55,0.5,0.42,51
closest_package_first,4,4,100,5994,5818,95186.44,2404.78,10348,21668,0.7,2001.94,2044.27,12240,137.44,0.0,0.0,0.61,0.33,0.25,57
closest_package_first,5,4,100,5257,5032,91056.76,2728.7,10044,21138,0.7,1951.22,1927.14,12120,13.0,0.0,-10,0.56,0.33,-10,52
closest_package_first,6,4,100,6334,6151,105611.18,2495.48,11063,22949,0.69,2075.7,2245.35,12480,239.27,0.0,469.0,0.59,0.33,0.5,62
closest_package_first,7,4,100,6082,5917,90525.32,2271.2,9953,21088,0.71,2050.69,2001.14,12120,1.12,0.0,0.0,0.56,0.33,0.25,55
closest_package_first,8,4,100,6053,5844,97426.37,2586.48,10433,21776,0.7,2021.08,2017.36,12120,132.62,0.0,0.0,0.56,0.33,0.25,55
closest_package_first,9,4,100,5919,5712,100297.31,2681.72,10873,22419,0.69,2176.09,2148.18,12480,46.0,157.25,173.0,0.58,0.42,0.38,61
closest_package_first,0,4,200,8750,8550,125775.72,6429.7,16540,36876,0.74,3937.98,3894.82,24480,59.39,12.91,9.25,0.56,0.36,0.31,131
closest_package_first,1,4,200,9949,9749,126282.23,6088.1,16502,36938,0.75,4015.48,3953.51,24480,72.57,154.92,0.0,0.54,0.39,0.25,128
closest_package_first,2,4,200,8669,8472,122662.72,6165.35,16057,36453,0.76,3682.73,3740.8,24360,87.61,0.0,0.0,0.58,0.33,0.25,120
closest_package_first,3,4,200,8823,8621,122027.2,8224.83,16063,36394,0.76,3837.45,3767.52,24360,19.73,222.6,0.0,0.55,0.47,0.25,117
closest_package_first,4,4,200,9722,9538,129275.66,8180.84,16789,37352,0.74,4016.89,3960.46,24600,243.74,0.0,37.12,0.61,0.33,0.28,127
closest_package_first,5,4,200,9152,8952,124519.27,6227.86,16264,36408,0.75,3819.1,3768.38,24120,0.0,0.0,52.33,0.5,0.33,0.33,121
closest_package_first,6,4,200,9791,9605,127112.26,6283.41,16716,37136,0.74,3789.09,3896.32,24600,40.68,138.0,50.5,0.55,0.5,0.38,123
closest_package_first,7,4,200,8647,8451,122807.53,7091.98,16221,36467,0.75,3736.43,3780.24,24360,24.0,100.0,41.25,0.53,0.38,0.31,120
closest_package_first,8,4,200,9059,8890,120301.44,6359.47,16239,36707,0.75,3859.89,3757.04,24840,114.5,190.86,0.0,0.61,0.48,0.25,112
closest_package_first,9,4,200,9578,9385,128128.93,8120.02,16816,37353,0.74,3895.79,3930.84,24720,32.37,38.62,130.0,0.55,0.42,0.38,126
closest_package_first,0,4,500,19193,19057,205590.48,13469.04,34571,81316,0.78,8610.85,8594.22,61200,17.15,43.67,12.45,0.54,0.41,0.27,343
closest_package_first,1,4,500,18713,18601,205712.05,13444.86,34431,81320,0.79,8425.06,8653.35,61200,55.78,51.73,186.44,0.54,0.36,0.36,328
closest_package_first,2,4,500,19721,19578,203244.05,17049.17,33969,80698,0.79,8865.64,8708.2,60840,51.12,49.95,5.58,0.55,0.35,0.27,329
closest_package_first,3,4,500,18072,17925,202869.91,14070.88,34191,81164,0.79,8380.73,8584.43,61320,54.27,225.13,168.67,0.55,0.44,0.33,324
closest_package_first,4,4,500,17694,17537,198338.42,12336.88,33814,80358,0.79,8404.92,8394.21,60960,15.9,61.43,42.67,0.52,0.39,0.29,333
closest_package_first,5,4,500,18256,18129,204536.64,14456.95,34110,80616,0.79,8337.3,8465.64,60600,16.27,50.95,70.62,0.52,0.37,0.31,336
closest_package_first,6,4,500,18407,18344,200324.84,14499.79,34125,80771,0.79,8562.92,8553.95,61200,11.96,91.81,36.67,0.52,0.43,0.31,340
closest_package_first,7,4,500,18176,17967,204093.95,16267.51,34020,80669,0.79,8658.03,8601.0,60720,0.13,51.4,58.29,0.51,0.37,0.32,333
closest_package_first,8,4,500,18284,18219,207116.63,14007.03,34440,81692,0.79,8615.57,8603.62,61440,92.46,198.5,9.77,0.55,0.44,0.27,341
closest_package_first,9,4,500,19978,19771,202032.58,14348.73,34243,81178,0.79,8736.71,8613.83,61440,63.64,43.35,258.0,0.58,0.37,0.32,344
most_packages_first,0,1,50,3538,3336,51844.89,2661.76,5527,11248,0.68,1406.45,1430.56,6120,879.0,-10,-10,1.0,-10,-10,42
most_packages_first,1,1,50,4159,3994,72293.4,2555.4,7439,15080,0.68,1897.8,2339.86,7920,1578.4,1706.67,-10,1.0,1.0,-10,57
most_packages_first,2,1,50,4276,4097,68714.35,2669.4,6670,14012,0.7,1712.5,1985.16,7200,1097.75,1031.0,-10,1.0,1.0,-10,45
most_packages_first,3,1,50,3573,3409,62617.33,2277.62,6141,12812,0.7,1522.96,1646.04,6600,1554.33,1995.0,-10,1.0,1.0,-10,44
most_packages_first,4,1,50,3257,3112,51410.8,2663.82,5568,11324,0.68,1363.94,1409.68,6240,937.5,-10,-10,1.0,-10,-10,45
most_packages_first,5,1,50,4808,4626,61939.03,2640.25,6474,13090,0.67,1842.28,2081.32,6960,1664.0,-10,1130.0,1.0,-10,1.0,46
most_packages_first,6,1,50,4428,4271,73272.57,2200.69,7108,14580,0.68,1887.57,2177.8,7320,1565.33,2193.0,3068.0,1.0,1.0,1.0,51
most_packages_first,7,1,50,4096,3949,70297.26,2737.84,7091,14646,0.69,1811.25,2195.1,7680,1704.25,1809.0,1453.5,1.0,1.0,1.0,53
most_packages_first,8,1,50,3803,3601,61323.96,3099.96,6068,12798,0.7,1576.54,1730.94,6720,833.5,1264.5,-10,1.0,1.0,-10,44
most_packages_first,9,1,50,3680,3500,62338.44,2959.0,6422,13372,0.69,1567.4,1811.22,7200,1123.67,779.0,1007.0,1.0,1.0,1.0,46
most_packages_first,0,1,100,8987,8827,141024.71,2646.48,14694,29108,0.66,3810.79,4556.1,15120,3447.89,5605.0,4988.0,1.0,1.0,1.0,117
most_packages_first,1,1,100,7790,7634,140789.43,2508.64,14828,29532,0.66,3725.05,4587.78,15600,3933.57,4715.71,4016.0,1.0,1.0,1.0,119
most_packages_first,2,1,100,8168,8029,143914.16,2630.99,14260,28908,0.68,3591.75,4156.08,14640,3284.83,4910.5,5050.0,1.0,1.0,1.0,108
most_packages_first,3,1,100,6970,6849,132200.46,2031.3,13614,27978,0.69,3494.44,4174.24,14880,3831.82,4245.5,3464.33,1.0,1.0,1.0,111
most_packages_first,4,1,100,7553,7383,129481.84,2404.78,13441,26740,0.66,3313.5,3770.66,13920,2912.11,5194.5,4721.0,1.0,1.0,1.0,106
most_packages_first,5,1,100,7044,6862,134214.98,2728.7,13666,27216,0.66,3438.97,3909.72,13920,3613.62,4990.75,-10,1.0,1.0,-10,106
most_packages_first,6,1,100,7945,7793,141264.61,2495.48,14451,28762,0.66,3502.66,4168.3,14760,3198.18,3425.67,3290.0,1.0,1.0,1.0,110
most_packages_first,7,1,100,8219,8067,138580.06,2271.2,13994,28256,0.67,3615.42,4243.09,14520,3240.38,3333.0,2107.0,1.0,1.0,1.0,111
most_packages_first,8,1,100,7672,7463,138119.64,2586.48,13712,27492,0.67,3351.04,3783.47,13800,4021.5,4578.5,1213.0,1.0,1.0,1.0,105
most_packages_first,9,1,100,8820,8641,153502.18,2681.72,15354,30456,0.66,3902.68,4671.21,15240,4025.85,4019.0,4992.0,1.0,1.0,1.0,119
most_packages_first,0,1,200,11950,11752,182682.07,6429.7,22299,48248,0.72,5772.56,6346.01,30240,2637.17,3004.73,3378.0,1.0,1.0,1.0,228
most_packages_first,1,1,200,13521,13336,190347.13,6088.1,22855,49516,0.72,6052.33,6604.5,30720,3439.48,3573.33,3358.0,1.0,1.0,1.0,232
most_packages_first,2,1,200,11337,11144,178594.68,6165.35,21435,46184,0.72,5498.79,6033.82,28560,3005.89,2863.14,3377.5,1.0,1.0,1.0,214
most_packages_first,3,1,200,11718,11516,170483.09,8224.83,20674,44792,0.72,5365.02,5594.47,27960,2499.09,2726.8,3681.75,1.0,1.0,1.0,210
most_packages_first,4,1,200,13110,12932,196094.31,8180.84,23576,50438,0.71,6052.48,6646.4,31080,2457.74,3660.88,4678.38,1.0,1.0,1.0,235
most_packages_first,5,1,200,11552,11352,172630.35,6227.86,20767,44282,0.71,5287.03,5596.48,27240,2225.93,2649.0,2675.0,1.0,1.0,1.0,208
most_packages_first,6,1,200,12041,11860,174526.28,6283.41,21079,45174,0.71,5378.21,5902.11,27960,2713.79,3245.0,2836.0,1.0,1.0,1.0,213
most_packages_first,7,1,200,11677,11505,177938.81,7091.98,21452,46828,0.73,5528.4,5994.62,29280,2326.62,3123.62,3443.5,1.0,1.0,1.0,219
most_packages_first,8,1,200,12403,12239,178365.37,6359.47,21479,46170,0.72,5674.29,6013.65,28560,2294.89,2168.57,3341.5,1.0,1.0,1.0,222
most_packages_first,9,1,200,12365,12172,185223.38,8120.02,22242,47910,0.72,5703.26,6319.45,29640,2986.26,2589.12,3610.5,1.0,1.0,1.0,224
most_packages_first,0,1,500,24828,24694,294655.03,13469.04,45206,104440,0.77,11640.2,12118.62,75600,2223.15,2590.71,3038.45,1.0,1.0,1.0,583
most_packages_first,1,1,500,24097,23987,287188.76,13444.86,43902,101186,0.77,11396.01,12055.06,73080,2044.63,2030.27,3096.44,1.0,1.0,1.0,556
most_packages_first,2,1,500,26094,25960,294759.43,17049.17,44982,103932,0.77,11898.58,12158.31,75120,2199.92,2641.37,2691.83,1.0,1.0,1.0,575
most_packages_first,3,1,500,21934,21806,275550.62,14070.88,42072,97188,0.77,10921.15,11472.13,70200,1950.05,2602.67,3167.17,1.0,1.0,1.0,538
most_packages_first,4,1,500,23302,23174,288658.1,12336.88,44597,103152,0.77,11460.21,11952.35,74880,1951.52,2301.17,2797.17,1.0,1.0,1.0,576
most_packages_first,5,1,500,22499,22373,280434.11,14456.95,42756,99086,0.77,11012.1,11549.55,71640,2260.79,2072.95,2043.12,1.0,1.0,1.0,548
most_packages_first,6,1,500,23434,23382,279364.82,14499.79,43588,101224,0.77,11360.78,11706.98,73920,2000.62,2453.14,2120.78,1.0,1.0,1.0,564
most_packages_first,7,1,500,23908,23823,296418.58,16267.51,45234,104228,0.77,11756.99,12152.33,75240,2031.96,2740.0,2801.71,1.0,1.0,1.0,579
most_packages_first,8,1,500,23502,23446,295689.37,14007.03,44894,103688,0.77,11583.32,12033.68,74760,2428.17,2752.0,2434.46,1.0,1.0,1.0,571
most_packages_first,9,1,500,25107,24901,286911.48,14348.73,44139,101852,0.77,11461.48,11733.75,73800,2390.52,2325.46,2608.29,1.0,1.0,1.0,570
most_packages_first,0,2,50,3129,2927,42199.13,2661.76,4734,10172,0.72,1121.92,1140.34,6000,0.0,-10,-10,0.5,-10,-10,29
most_packages_first,1,2,50,3194,3029,53081.74,2555.4,5439,11615,0.71,1235.44,1500.5,6360,0.0,1261.0,-10,0.5,0.67,-10,38
most_packages_first,2,2,50,3535,3356,52889.36,2669.4,5416,11360,0.7,1152.8,1317.94,6120,0.0,518.0,-10,0.5,0.67,-10,34
most_packages_first,3,2,50,2947,2783,49618.23,2277.62,5186,11039,0.71,1141.67,1230.68,6120,0.0,1334.0,-10,0.5,0.67,-10,33
most_packages_first,4,2,50,2808,2663,41989.03,2663.82,4877,10150,0.69,1076.33,1110.56,6000,0.0,-10,-10,0.5,-10,-10,33
most_packages_first,5,2,50,3969,3787,48603.57,2640.25,5314,10930,0.69,1313.83,1474.62,6120,0.0,-10,0.0,0.5,-10,0.5,32
most_packages_first,6,2,50,3688,3531,58287.79,2200.69,6024,12133,0.67,1330.26,1543.72,6360,0.0,1514.0,350.0,0.5,0.67,0.5,41
most_packages_first,7,2,50,3246,3099,53467.11,2737.84,5520,11775,0.71,1213.23,1461.32,6480,0.0,1226.5,70.5,0.5,0.67,0.5,35
most_packages_first,8,2,50,3321,3119,51097.05,3099.96,5223,11302,0.72,1216.18,1331.56,6240,0.0,857.0,-10,0.5,0.67,-10,33
most_packages_first,9,2,50,3179,2999,49904.37,2959.0,5362,11299,0.7,1152.78,1325.94,6360,0.0,561.0,0.0,0.5,0.67,0.5,36
most_packages_first,0,2,100,6773,6612,109437.09,2646.48,11541,23214,0.67,2534.54,3003.39,12360,0.0,4446.0,849.5,0.5,0.67,0.5,82
most_packages_first,1,2,100,6132,5976,107975.92,2508.64,11505,23885,0.69,2528.96,3138.71,13200,0.0,3545.43,600.67,0.5,0.67,0.5,82
most_packages_first,2,2,100,6066,5927,110737.58,2630.99,11277,23696,0.7,2472.84,2882.19,12720,0.0,3464.5,897.0,0.5,0.67,0.5,80
most_packages_first,3,2,100,5465,5311,99578.51,2031.3,10646,22460,0.7,2395.59,2852.55,12600,0.0,3145.0,283.33,0.5,0.67,0.5,78
most_packages_first,4,2,100,6534,6364,108434.83,2404.78,11488,23098,0.67,2539.0,2887.87,12360,0.0,4227.5,350.0,0.5,0.67,0.5,82
most_packages_first,5,2,100,5677,5515,105404.16,2728.7,10999,22915,0.69,2489.34,2829.81,12480,0.0,4126.25,-10,0.5,0.67,-10,77
most_packages_first,6,2,100,6611,6431,112260.95,2495.48,11866,23726,0.67,2480.99,2951.89,12600,0.0,2616.33,370.0,0.5,0.67,0.5,77
most_packages_first,7,2,100,7084,6932,116178.25,2271.2,11793,24235,0.69,2686.6,3170.01,12720,0.0,2666.6,207.0,0.5,0.67,0.5,86
most_packages_first,8,2,100,6273,6064,110489.87,2586.48,11252,23307,0.69,2462.23,2775.58,12360,0.0,3520.5,0.0,0.5,0.67,0.5,80
most_packages_first,9,2,100,6516,6337,118322.09,2681.72,11983,24446,0.68,2636.63,3167.68,12720,0.0,2951.5,781.0,0.5,0.67,0.5,87
most_packages_first,0,2,200,9817,9619,144234.35,6429.7,18079,40013,0.74,4430.99,4851.41,25800,0.0,2331.82,370.75,0.5,0.67,0.5,171
most_packages_first,1,2,200,10657,10472,147826.9,6088.1,18228,40392,0.74,4607.69,4985.37,25800,0.0,2763.83,482.33,0.5,0.67,0.5,172
most_packages_first,2,2,200,9411,9214,141231.45,6165.35,17626,39009,0.74,4186.89,4585.46,25080,0.0,2206.29,343.0,0.5,0.67,0.5,159
most_packages_first,3,2,200,9759,9557,138126.57,8224.83,17536,38709,0.74,4396.99,4560.82,25080,0.0,2032.8,507.75,0.5,0.67,0.5,160
most_packages_first,4,2,200,10726,10548,150060.7,8180.84,18648,40726,0.73,4540.69,4946.42,25920,0.0,2723.12,725.88,0.5,0.67,0.5,170
most_packages_first,5,2,200,9842,9642,140582.33,6227.86,17587,38468,0.73,4222.42,4459.59,24600,0.0,2159.5,163.0,0.5,0.67,0.5,160
most_packages_first,6,2,200,10247,10066,141700.73,6283.41,17717,38695,0.73,4238.98,4641.24,24720,0.0,2554.0,279.5,0.5,0.67,0.5,161
most_packages_first,7,2,200,9347,9175,137249.35,7091.98,17395,38966,0.75,4214.61,4552.73,25440,0.0,2340.75,339.0,0.5,0.67,0.5,159
most_packages_first,8,2,200,10330,10166,145303.7,6359.47,18120,39420,0.73,4479.28,4731.67,25080,0.0,1687.29,407.0,0.5,0.67,0.5,175
most_packages_first,9,2,200,9975,9782,142153.07,8120.02,18038,39455,0.73,4322.22,4768.28,25440,0.0,2000.5,379.0,0.5,0.67,0.5,161
most_packages_first,0,2,500,20309,20175,224725.64,13469.04,36521,85823,0.78,9209.19,9553.12,63840,0.0,1980.14,479.55,0.5,0.67,0.5,418
most_packages_first,1,2,500,19568,19458,221298.37,13444.86,35784,84044,0.78,8903.24,9395.98,62400,0.0,1608.0,431.0,0.5,0.67,0.5,406
most_packages_first,2,2,500,21225,21091,226469.41,17049.17,36533,85846,0.78,9481.62,9648.23,63720,0.0,2077.37,388.92,0.5,0.67,0.5,422
most_packages_first,3,2,500,18904,18763,222309.54,14070.88,35892,84272,0.78,8994.87,9432.87,62520,0.0,2071.0,403.83,0.5,0.67,0.5,417
most_packages_first,4,2,500,19062,18917,222747.26,12336.88,36522,85988,0.78,9164.22,9533.5,64200,0.0,1782.43,386.5,0.5,0.67,0.5,429
most_packages_first,5,2,500,19281,19154,224080.59,14456.95,36237,85273,0.78,9072.13,9505.66,63360,0.0,1635.35,262.12,0.5,0.67,0.5,424
most_packages_first,6,2,500,19363,19311,219936.38,14499.79,36028,85078,0.79,9247.85,9499.01,63600,0.0,1969.52,274.78,0.5,0.67,0.5,421
most_packages_first,7,2,500,19492,19289,227256.74,16267.51,36798,86647,0.78,9469.68,9760.19,64440,0.0,2098.37,378.14,0.5,0.67,0.5,423
most_packages_first,8,2,500,19303,19238,227085.33,14007.03,36540,85913,0.78,9249.06,9575.1,63720,0.0,2124.56,337.54,0.5,0.67,0.5,421
most_packages_first,9,2,500,21200,20994,227130.49,14348.73,36652,86151,0.78,9409.12,9606.77,63960,0.0,1850.46,421.71,0.5,0.67,0.5,431
most_packages_first,0,3,50,2850,2648,35369.6,2661.76,4377,9496,0.72,978.37,993.92,6000,0.0,-10,-10,0.5,-10,-10,21
most_packages_first,1,3,50,2817,2652,43259.93,2555.4,4772,10518,0.73,985.83,1172.98,6240,151.0,0.0,-10,0.6,0.33,-10,29
most_packages_first,2,3,50,3187,3008,43846.63,2669.4,4697,10463,0.74,989.75,1123.46,6120,28.75,0.0,-10,0.56,0.33,-10,21
most_packages_first,3,3,50,2570,2406,39841.17,2277.62,4485,9945,0.74,941.85,1010.88,6000,0.0,0.0,-10,0.5,0.33,-10,23
most_packages_first,4,3,50,2544,2399,36856.36,2663.82,4259,9641,0.75,955.75,985.16,6000,0.0,-10,-10,0.5,-10,-10,21
most_packages_first,5,3,50,3548,3366,38827.39,2640.25,4569,10076,0.74,1098.62,1232.3,6240,0.8,-10,343.0,0.6,-10,0.5,22
most_packages_first,6,3,50,3387,3230,52853.1,2200.69,5554,11475,0.69,1155.33,1345.74,6240,0.0,0.0,1911.0,0.5,0.33,0.5,33
most_packages_first,7,3,50,2684,2537,42507.28,2737.84,4630,10445,0.75,971.97,1164.12,6240,0.0,0.0,837.5,0.5,0.33,0.5,24
most_packages_first,8,3,50,2797,2595,38750.18,3099.96,4208,9836,0.78,951.8,1035.46,6000,0.0,0.0,-10,0.5,0.33,-10,20
most_packages_first,9,3,50,2893,2713,41375.54,2959.0,4744,10215,0.72,946.53,1082.54,6120,0.0,0.0,337.0,0.5,0.33,0.5,25
most_packages_first,0,3,100,6171,6011,92823.74,2646.48,10409,21559,0.69,2171.75,2569.73,12360,77.89,0.0,3434.5,0.53,0.33,0.5,64
most_packages_first,1,3,100,5631,5475,93678.36,2508.64,10319,21632,0.7,2102.58,2607.58,12360,0.0,0.0,2713.67,0.5,0.33,0.5,65
most_packages_first,2,3,100,5721,5582,100738.66,2630.99,10615,22466,0.71,2185.17,2571.68,12480,0.0,0.0,3088.75,0.5,0.33,0.5,65
most_packages_first,3,3,100,5099,4936,86258.18,2031.3,9724,20897,0.72,2082.44,2476.18,12360,0.0,0.0,2322.67,0.5,0.33,0.5,65
most_packages_first,4,3,100,5951,5781,93313.39,2404.78,10423,21355,0.68,2176.93,2467.17,12120,0.0,0.0,3303.0,0.5,0.33,0.5,66
most_packages_first,5,3,100,5413,5231,93358.48,2728.7,10188,21358,0.7,2143.97,2426.98,12120,402.25,0.0,-10,0.56,0.33,-10,68
most_packages_first,6,3,100,6337,6157,103214.93,2495.48,11255,22588,0.67,2247.93,2671.14,12360,122.09,0.0,2168.0,0.55,0.33,0.5,71
most_packages_first,7,3,100,6469,6317,98674.15,2271.2,10361,21893,0.7,2244.89,2636.15,12120,0.0,0.0,1467.0,0.5,0.33,0.5,71
most_packages_first,8,3,100,5849,5643,100857.56,2586.48,10654,22228,0.7,2186.9,2460.33,12240,501.0,0.0,498.0,0.56,0.33,0.5,70
most_packages_first,9,3,100,5764,5585,104846.03,2681.72,10924,22629,0.69,2248.02,2694.03,12240,0.0,0.0,3059.5,0.5,0.33,0.5,78
most_packages_first,0,3,200,8834,8636,126908.28,6429.7,16597,36981,0.74,3864.89,4221.07,24480,0.0,0.0,2425.25,0.5,0.33,0.5,151
most_packages_first,1,3,200,9919,9734,127888.83,6088.1,16564,37091,0.75,4036.53,4339.74,24480,1.04,0.0,2486.33,0.52,0.33,0.5,151
most_packages_first,2,3,200,8852,8655,127076.9,6165.35,16522,36884,0.74,3823.77,4170.61,24360,77.56,0.0,2584.5,0.53,0.33,0.5,142
most_packages_first,3,3,200,8996,8794,122429.88,8224.83,16231,36666,0.75,3938.28,4092.49,24600,166.18,0.0,2674.5,0.55,0.33,0.5,132
most_packages_first,4,3,200,9973,9795,133439.32,8180.84,17394,38241,0.73,4143.13,4515.2,25080,19.0,0.0,3299.12,0.53,0.33,0.5,147
most_packages_first,5,3,200,9273,9073,126725.65,6227.86,16550,36857,0.74,3910.14,4124.69,24360,0.0,0.0,2102.0,0.5,0.33,0.5,139
most_packages_first,6,3,200,9516,9335,127191.88,6283.41,16422,36891,0.75,3805.06,4157.6,24360,125.68,0.0,1413.0,0.53,0.33,0.5,140
most_packages_first,7,3,200,9009,8837,126146.44,7091.98,16550,36909,0.74,3869.18,4165.23,24480,0.0,0.0,2493.5,0.5,0.33,0.5,145
most_packages_first,8,3,200,9441,9277,129849.14,6359.47,16695,37048,0.74,4052.68,4271.79,24240,0.0,0.0,1743.0,0.5,0.33,0.5,146
most_packages_first,9,3,200,9327,9134,127610.05,8120.02,16617,37056,0.74,3848.7,4234.63,24480,0.0,0.0,2472.25,0.5,0.33,0.5,140
most_packages_first,0,3,500,19025,18891,199143.51,13469.04,34098,81272,0.79,8456.39,8765.76,61800,63.27,0.0,1811.64,0.54,0.33,0.5,357
most_packages_first,1,3,500,18658,18548,201026.54,13444.86,34041,80968,0.79,8373.21,8831.65,61320,27.73,0.0,1889.89,0.52,0.33,0.5,354
most_packages_first,2,3,500,20248,20116,207632.86,17049.17,34413,81719,0.79,8850.67,8991.82,61440,0.0,0.0,1926.25,0.5,0.33,0.5,379
most_packages_first,3,3,500,17973,17832,197828.44,14070.88,33729,80416,0.79,8348.88,8747.54,61080,85.35,0.0,2312.67,0.54,0.33,0.5,357
most_packages_first,4,3,500,17794,17666,199295.71,12336.88,33979,81045,0.8,8407.62,8735.8,61560,22.62,0.0,1950.25,0.51,0.33,0.5,362
most_packages_first,5,3,500,18138,18011,202197.53,14456.95,34090,80845,0.79,8381.54,8776.98,61080,37.48,0.0,1484.62,0.52,0.33,0.5,368
most_packages_first,6,3,500,18463,18405,198145.21,14499.79,33839,80659,0.79,8622.59,8847.39,61320,27.23,0.0,1298.22,0.52,0.33,0.5,364
most_packages_first,7,3,500,17921,17800,200803.02,16267.51,33775,80451,0.79,8539.54,8779.77,60840,0.0,0.0,1929.14,0.5,0.33,0.5,358
most_packages_first,8,3,500,18343,18278,205923.54,14007.03,34569,82034,0.79,8714.93,9011.18,61920,155.92,0.0,1752.38,0.53,0.33,0.5,368
most_packages_first,9,3,500,19844,19638,203788.74,14348.73,33951,80747,0.79,8717.07,8882.06,60840,0.0,0.0,1748.14,0.5,0.33,0.5,371
most_packages_first,0,4,50,2693,2491,31721.91,2661.76,3899,9137,0.78,919.04,933.4,6000,0.0,-10,-10,0.5,-10,-10,14
most_packages_first,1,4,50,2612,2447,38740.73,2555.4,4340,9951,0.76,890.92,1045.26,6120,86.8,0.0,-10,0.55,0.33,-10,22
most_packages_first,2,4,50,2777,2598,35732.58,2669.4,4191,9535,0.76,853.13,954.68,6000,0.0,0.0,-10,0.5,0.33,-10,15
most_packages_first,3,4,50,2414,2250,33922.5,2277.62,3928,9358,0.79,859.53,920.32,6000,0.0,0.0,-10,0.5,0.33,-10,15
most_packages_first,4,4,50,2281,2136,31750.29,2663.82,3958,9136,0.77,871.38,897.42,6000,0.0,-10,-10,0.5,-10,-10,14
most_packages_first,5,4,50,3274,3092,35279.69,2640.25,4236,9489,0.75,964.21,1076.3,6000,0.0,-10,0.0,0.5,-10,0.25,16
most_packages_first,6,4,50,2590,2433,41811.97,2200.69,4599,10134,0.73,898.92,1031.48,6000,0.0,0.0,0.0,0.5,0.33,0.25,22
most_packages_first,7,4,50,2772,2591,36753.33,2737.84,4262,9634,0.75,875.59,1038.36,6000,0.0,0.0,0.0,0.5,0.33,0.25,19
most_packages_first,8,4,50,2549,2347,34342.68,3099.96,3816,9401,0.82,876.38,950.98,6000,0.0,0.0,-10,0.5,0.33,-10,12
most_packages_first,9,4,50,2539,2359,32743.09,2959.0,4087,9238,0.75,812.1,921.22,6000,0.0,0.0,0.0,0.5,0.33,0.25,14
most_packages_first,0,4,100,5953,5793,89756.59,2646.48,10146,21252,0.7,2021.97,2381.36,12360,426.28,0.0,0.0,0.58,0.33,0.25,62
most_packages_first,1,4,100,5258,5102,83804.88,2508.64,9437,20286,0.72,1844.58,2257.34,12000,0.0,0.0,0.0,0.5,0.33,0.25,59
most_packages_first,2,4,100,5117,4953,89806.29,2630.99,9876,21018,0.71,1987.65,2331.64,12120,319.67,0.0,0.0,0.58,0.33,0.25,59
most_packages_first,3,4,100,4547,4384,73042.01,2031.3,8715,19227,0.74,1755.73,2064.35,12000,0.0,0.0,0.0,0.5,0.33,0.25,52
most_packages_first,4,4,100,5220,5050,78757.89,2404.78,9105,19791,0.72,1878.46,2114.78,12000,0.0,0.0,0.0,0.5,0.33,0.25,51
most_packages_first,5,4,100,4759,4577,77963.67,2728.7,8939,19710,0.73,1876.17,2107.92,12000,0.0,0.0,-10,0.5,0.33,-10,49
most_packages_first,6,4,100,5503,5323,90022.91,2495.48,10012,20917,0.7,1923.13,2260.16,12000,0.0,0.0,0.0,0.5,0.33,0.25,58
most_packages_first,7,4,100,6021,5869,88589.09,2271.2,9670,20888,0.72,2005.94,2343.53,12120,440.12,0.0,0.0,0.56,0.33,0.25,65
most_packages_first,8,4,100,5423,5217,86637.83,2586.48,9671,20574,0.71,1892.48,2117.03,12000,0.0,0.0,0.0,0.5,0.33,0.25,62
most_packages_first,9,4,100,5627,5448,99578.56,2681.72,10548,21865,0.69,2061.97,2442.76,12000,0.0,0.0,0.0,0.5,0.33,0.25,70
most_packages_first,0,4,200,8230,8032,114687.85,6429.7,15455,35286,0.76,3535.56,3843.66,24000,0.0,0.0,0.0,0.5,0.33,0.25,132
most_packages_first,1,4,200,9636,9451,115919.32,6088.1,15716,35786,0.76,3820.72,4086.84,24360,339.3,0.0,0.0,0.57,0.33,0.25,128
most_packages_first,2,4,200,8484,8287,114798.34,6165.35,15472,35311,0.76,3504.37,3809.47,24000,0.0,0.0,0.0,0.5,0.33,0.25,123
most_packages_first,3,4,200,8702,8500,117984.37,8224.83,15611,35631,0.76,3762.68,3900.16,24000,0.0,0.0,0.0,0.5,0.33,0.25,124
most_packages_first,4,4,200,9343,9165,124332.71,8180.84,16187,36382,0.75,3705.92,4023.48,24120,56.32,0.0,0.0,0.53,0.33,0.25,132
most_packages_first,5,4,200,8726,8526,116453.2,6227.86,15623,35483,0.76,3636.42,3826.6,24000,0.0,0.0,0.0,0.5,0.33,0.25,118
most_packages_first,6,4,200,9281,9100,119369.83,6283.41,15944,35761,0.75,3588.89,3906.38,24000,0.0,0.0,0.0,0.5,0.33,0.25,132
most_packages_first,7,4,200,8522,8350,113782.93,7091.98,15453,35324,0.76,3563.91,3817.76,24120,35.62,0.0,0.0,0.53,0.33,0.25,125
most_packages_first,8,4,200,8960,8796,117430.85,6359.47,15923,35805,0.75,3727.55,3917.76,24240,45.06,0.0,0.0,0.56,0.33,0.25,138
most_packages_first,9,4,200,8985,8792,119929.51,8120.02,15885,35816,0.75,3583.16,3930.61,24000,0.0,0.0,0.0,0.5,0.33,0.25,129
most_packages_first,0,4,500,18322,18188,188819.12,13469.04,32548,79054,0.81,8052.29,8331.59,60600,95.98,9.76,0.0,0.54,0.35,0.25,333
most_packages_first,1,4,500,17964,17854,189939.41,13444.86,32879,78925,0.8,7938.99,8372.41,60360,66.08,0.0,0.0,0.53,0.33,0.25,333
most_packages_first,2,4,500,19166,19034,190531.91,17049.17,32811,78946,0.8,8408.88,8524.34,60360,60.92,17.63,0.0,0.52,0.35,0.25,343
most_packages_first,3,4,500,17438,17297,184937.11,14070.88,32600,78308,0.8,7967.53,8333.38,60240,27.08,0.0,0.0,0.53,0.33,0.25,329
most_packages_first,4,4,500,17252,17107,187766.65,12336.88,32884,79060,0.8,8049.8,8352.58,60720,104.69,20.0,0.0,0.55,0.36,0.25,343
most_packages_first,5,4,500,17603,17476,188022.78,14456.95,32711,78731,0.8,7966.65,8336.8,60360,185.09,0.0,0.0,0.55,0.33,0.25,335
most_packages_first,6,4,500,17770,17718,185385.22,14499.79,32575,78091,0.8,8200.86,8400.37,60000,0.0,0.0,0.0,0.5,0.33,0.25,329
most_packages_first,7,4,500,17546,17343,189138.86,16267.51,32628,78699,0.8,8219.61,8435.74,60240,104.33,0.0,0.0,0.52,0.33,0.25,335
most_packages_first,8,4,500,17166,17101,187051.28,14007.03,32298,78382,0.81,8043.79,8300.49,60120,34.54,0.0,0.0,0.51,0.33,0.25,323
most_packages_first,9,4,500,19118,18912,185479.06,14348.73,32441,78221,0.8,8248.95,8385.04,60120,56.1,0.0,0.0,0.51,0.33,0.25,329
