strategy,scenario_id,drone_capacity,no_customers,total_time,A,drone_travel_distance,truck_travel_distance,X1,X2,utilization,avg_package_wait_time,avg_customer_wait_time,total_delay_time,avg_span_2,avg_span_3,avg_span_4,avg_nodropoffs_2,avg_nodropoffs_3,avg_nodropoffs_4,no_preventions
farthest_package_first_MPA,0,1,50,2367,2287,51737.79,2666.5,3906,11248,0.96,1210.63,1192.32,6120,2.0,-10,-10,1.0,-10,-10,0
farthest_package_first_MPA,1,1,50,2861,2792,72293.4,2555.4,5185,15080,0.97,1563.85,1652.78,7920,120.5,185.33,-10,1.0,1.0,-10,0
farthest_package_first_MPA,2,1,50,3033,2953,68714.35,2669.4,4833,14012,0.97,1466.63,1476.32,7200,74.88,185.0,-10,1.0,1.0,-10,0
farthest_package_first_MPA,3,1,50,2517,2414,62617.33,2277.62,4395,12812,0.97,1330.93,1322.34,6600,65.67,10.0,-10,1.0,1.0,-10,0
farthest_package_first_MPA,4,1,50,2329,2256,51410.8,2663.82,3888,11324,0.97,1227.98,1217.48,6240,199.0,-10,-10,1.0,-10,-10,0
farthest_package_first_MPA,5,1,50,3345,3260,61939.03,2640.25,4516,13090,0.97,1548.64,1565.32,6960,47.0,-10,269.0,1.0,-10,1.0,0
farthest_package_first_MPA,6,1,50,2708,2611,72981.18,2172.82,4987,14564,0.97,1476.75,1490.9,7320,142.0,237.0,252.0,1.0,1.0,1.0,0
farthest_package_first_MPA,7,1,50,2971,2859,70297.26,2737.84,5022,14646,0.97,1537.03,1531.58,7680,8.5,92.5,235.0,1.0,1.0,1.0,0
farthest_package_first_MPA,8,1,50,2746,2620,61323.96,3099.96,4365,12798,0.98,1379.68,1327.26,6720,98.5,92.5,-10,1.0,1.0,-10,0
farthest_package_first_MPA,9,1,50,2614,2525,62338.44,2959.0,4488,13372,0.99,1393.48,1398.56,7200,11.33,225.0,215.0,1.0,1.0,1.0,0
farthest_package_first_MPA,0,1,100,7029,6943,141024.71,2646.48,10927,29108,0.89,3261.95,3207.92,15120,70.06,254.0,281.0,1.0,1.0,1.0,55
farthest_package_first_MPA,1,1,100,5783,5689,140789.43,2508.64,11045,29532,0.89,3037.72,3075.31,15600,145.43,115.86,245.0,1.0,1.0,1.0,57
farthest_package_first_MPA,2,1,100,6554,6454,143914.16,2630.99,10992,28908,0.88,3049.3,3027.19,14640,50.0,109.5,278.25,1.0,1.0,1.0,52
farthest_package_first_MPA,3,1,100,5293,5207,132200.46,2031.3,10265,27978,0.91,2841.22,2924.29,14880,100.09,109.5,239.0,1.0,1.0,1.0,45
farthest_package_first_MPA,4,1,100,5586,5509,129481.84,2404.78,9691,26740,0.92,2758.34,2769.2,13920,89.11,138.5,237.0,1.0,1.0,1.0,39
farthest_package_first_MPA,5,1,100,5992,5874,135090.67,2856.36,10103,27302,0.9,2813.18,2879.29,13920,162.0,261.0,-10,1.0,1.0,-10,39
farthest_package_first_MPA,6,1,100,6144,6045,141264.61,2495.48,10714,28762,0.89,3007.3,2846.45,14760,103.36,119.0,266.0,1.0,1.0,1.0,51
farthest_package_first_MPA,7,1,100,6442,6361,138580.06,2271.2,10564,28256,0.89,2953.85,2994.62,14520,96.75,112.2,295.0,1.0,1.0,1.0,48
farthest_package_first_MPA,8,1,100,5890,5789,138119.64,2586.48,10261,27492,0.89,2878.74,2866.81,13800,2.38,257.0,313.0,1.0,1.0,1.0,47
farthest_package_first_MPA,9,1,100,6930,6808,153502.18,2681.72,11756,30456,0.86,3207.47,3204.71,15240,104.54,152.25,280.5,1.0,1.0,1.0,57
farthest_package_first_MPA,0,1,200,10019,9873,182586.91,6432.7,18645,48244,0.86,4894.54,4944.34,30240,60.0,80.55,246.5,1.0,1.0,1.0,119
farthest_package_first_MPA,1,1,200,10174,10051,190347.13,6335.12,19409,49516,0.85,4921.5,4893.43,30720,56.17,145.67,260.67,1.0,1.0,1.0,124
farthest_package_first_MPA,2,1,200,10224,10080,178594.68,8136.58,17681,46184,0.87,4674.56,4652.97,28560,70.5,168.57,214.0,1.0,1.0,1.0,96
farthest_package_first_MPA,3,1,200,10846,10701,170622.36,6280.9,17211,44798,0.87,4634.71,4405.19,27960,35.45,166.8,227.25,1.0,1.0,1.0,98
farthest_package_first_MPA,4,1,200,12991,12861,196094.31,6452.52,19876,50438,0.85,5340.34,5328.98,31080,69.16,178.0,224.38,1.0,1.0,1.0,127
farthest_package_first_MPA,5,1,200,9805,9676,172630.35,6314.12,17086,44282,0.86,4456.3,4481.94,27240,56.36,280.0,229.0,1.0,1.0,1.0,96
farthest_package_first_MPA,6,1,200,10722,10583,174526.28,7806.99,17238,45174,0.87,4639.74,4612.11,27960,100.74,66.25,269.0,1.0,1.0,1.0,94
farthest_package_first_MPA,7,1,200,9772,9642,179422.64,5810.8,18180,46970,0.86,4676.36,4628.12,29280,52.69,106.62,197.25,1.0,1.0,1.0,108
farthest_package_first_MPA,8,1,200,10742,10607,178365.37,6031.22,17844,46170,0.86,4681.36,4735.86,28560,62.06,167.57,276.5,1.0,1.0,1.0,101
farthest_package_first_MPA,9,1,200,11538,11419,185223.38,6306.67,18689,47910,0.85,4884.45,4910.13,29640,80.89,104.62,212.25,1.0,1.0,1.0,105
farthest_package_first_MPA,0,1,500,23113,22953,293624.08,13954.83,40893,104296,0.85,10359.37,10532.91,75600,45.07,98.48,190.27,1.0,1.0,1.0,379
farthest_package_first_MPA,1,1,500,23539,23441,282527.17,14038.29,39298,100766,0.85,10194.09,9877.36,73080,60.85,142.0,188.11,1.0,1.0,1.0,368
farthest_package_first_MPA,2,1,500,23594,23430,295711.13,15682.28,40688,104062,0.85,10445.51,10360.98,75120,72.67,111.47,201.83,1.0,1.0,1.0,381
farthest_package_first_MPA,3,1,500,19823,19740,275217.52,16075.43,37585,97122,0.86,9602.98,9507.79,70200,42.97,120.8,192.83,1.0,1.0,1.0,324
farthest_package_first_MPA,4,1,500,21098,20920,288154.92,14443.05,40200,103082,0.85,10138.27,10252.47,74880,71.98,125.65,190.75,1.0,1.0,1.0,382
farthest_package_first_MPA,5,1,500,21254,21147,280434.11,16431.82,38166,99086,0.87,9875.5,9977.89,71640,72.18,127.4,194.62,1.0,1.0,1.0,335
farthest_package_first_MPA,6,1,500,21072,20965,279465.86,16185.93,38928,101210,0.87,10067.2,10074.74,73920,60.06,140.38,177.44,1.0,1.0,1.0,357
farthest_package_first_MPA,7,1,500,22881,22710,299165.06,14908.34,41053,104530,0.85,10476.09,10399.14,75240,79.26,140.7,211.86,1.0,1.0,1.0,377
farthest_package_first_MPA,8,1,500,21778,21675,296996.25,16151.91,40406,103852,0.86,10370.75,10465.99,74760,58.21,133.39,201.31,1.0,1.0,1.0,378
farthest_package_first_MPA,9,1,500,21852,21692,286284.17,15418.85,39564,101838,0.86,10013.86,10015.36,73800,69.64,145.19,187.43,1.0,1.0,1.0,343
farthest_package_first_MPA,0,2,50,1987,1894,32409.9,2666.5,3259,9207,0.94,992.86,978.3,6000,0.0,-10,-10,0.5,-10,-10,0
farthest_package_first_MPA,1,2,50,2028,1958,40856.54,2555.4,3597,10399,0.96,1087.29,1113.64,6360,0.0,71.0,-10,0.5,0.67,-10,0
farthest_package_first_MPA,2,2,50,2191,2086,38972.73,2669.4,3474,9977,0.96,1067.25,1049.38,6120,0.0,33.0,-10,0.5,0.67,-10,0
farthest_package_first_MPA,3,2,50,2020,1914,36370.24,2277.62,3458,9721,0.94,1014.85,998.5,6120,0.0,29.0,-10,0.5,0.67,-10,0
farthest_package_first_MPA,4,2,50,1833,1747,31442.01,2663.82,3130,9106,0.97,979.46,971.18,6000,0.0,-10,-10,0.5,-10,-10,0
farthest_package_first_MPA,5,2,50,2567,2482,37021.42,2640.25,3471,9901,0.95,1181.41,1166.38,6240,0.0,-10,259.0,0.5,-10,0.75,0
farthest_package_first_MPA,6,2,50,2017,1931,41871.91,2172.82,3652,10506,0.96,1077.82,1072.64,6360,0.0,31.0,66.0,0.5,0.67,0.5,0
farthest_package_first_MPA,7,2,50,2157,2039,39712.67,2737.84,3576,10408,0.97,1122.08,1105.82,6480,0.0,237.0,17.0,0.5,0.67,0.5,0
farthest_package_first_MPA,8,2,50,2120,1994,37357.97,3099.96,3409,9936,0.97,1095.29,1043.86,6240,0.0,69.0,-10,0.5,0.67,-10,0
farthest_package_first_MPA,9,2,50,2137,2048,36723.75,2959.0,3545,10107,0.95,1072.53,1060.96,6480,0.0,22.0,460.0,0.5,0.67,0.75,0
farthest_package_first_MPA,0,2,100,4185,4088,78156.16,2646.48,6928,20337,0.98,2100.25,2062.85,12600,0.0,23.0,449.0,0.5,0.67,0.75,0
farthest_package_first_MPA,1,2,100,3971,3881,78660.65,2508.64,7377,21205,0.96,2084.53,2096.7,13440,0.0,197.43,398.67,0.5,0.67,0.67,0
farthest_package_first_MPA,2,2,100,3923,3820,79193.09,2630.99,7048,20674,0.98,2029.22,2008.54,12840,0.0,26.0,200.5,0.5,0.67,0.56,0
farthest_package_first_MPA,3,2,100,3597,3511,72925.4,2031.3,6813,20048,0.98,1929.61,1956.91,12840,0.0,224.0,306.67,0.5,0.67,0.67,0
farthest_package_first_MPA,4,2,100,3741,3664,72129.53,2404.78,6602,19487,0.98,1929.91,1912.49,12360,0.0,64.0,32.0,0.5,0.67,0.5,0
farthest_package_first_MPA,5,2,100,3924,3816,75068.05,2856.36,6849,19897,0.97,1945.31,1966.07,12480,0.0,198.25,-10,0.5,0.67,-10,0
farthest_package_first_MPA,6,2,100,3915,3827,78623.39,2495.48,7020,20620,0.98,2077.76,1976.84,12840,0.0,187.67,1007.5,0.5,0.67,0.75,0
farthest_package_first_MPA,7,2,100,4120,4034,76815.68,2271.2,7024,20319,0.96,2005.02,2017.22,12720,0.0,337.6,113.0,0.5,0.67,0.5,0
farthest_package_first_MPA,8,2,100,3926,3818,76791.55,2586.48,6828,19955,0.97,1981.58,1965.42,12360,0.0,64.5,18.0,0.5,0.67,0.5,0
farthest_package_first_MPA,9,2,100,4015,3903,83331.36,2681.72,7213,20962,0.97,2058.98,2036.69,12720,0.0,38.5,127.0,0.5,0.67,0.5,0
farthest_package_first_MPA,0,2,200,6781,6636,101060.96,6432.7,12338,35971,0.97,3444.37,3454.74,26040,0.0,167.64,187.25,0.5,0.67,0.62,1
farthest_package_first_MPA,1,2,200,6848,6722,105629.41,6335.12,12649,36556,0.96,3447.4,3414.2,26160,0.0,376.33,403.33,0.5,0.67,0.75,4
farthest_package_first_MPA,2,2,200,6988,6848,99284.68,8136.58,12233,34963,0.95,3445.61,3414.63,25200,0.0,130.57,320.5,0.5,0.67,0.62,3
farthest_package_first_MPA,3,2,200,7411,7266,96506.9,6280.9,12194,34810,0.95,3439.08,3281.59,25320,0.0,190.4,301.5,0.5,0.67,0.62,10
farthest_package_first_MPA,4,2,200,8670,8540,112947.86,6452.52,13510,37635,0.93,3689.03,3678.97,26520,0.0,164.5,388.38,0.5,0.67,0.66,32
farthest_package_first_MPA,5,2,200,6664,6535,98377.13,6314.12,11793,34401,0.97,3264.0,3265.31,24720,0.0,228.0,183.33,0.5,0.67,0.58,9
farthest_package_first_MPA,6,2,200,7221,7082,97571.06,7806.99,11874,34432,0.97,3384.07,3356.97,24840,0.0,88.75,227.5,0.5,0.67,0.62,3
farthest_package_first_MPA,7,2,200,6773,6638,100616.72,5810.8,12163,35569,0.97,3356.36,3311.57,25680,0.0,199.62,180.0,0.5,0.67,0.62,0
farthest_package_first_MPA,8,2,200,7286,7152,100759.86,6031.22,12201,34999,0.96,3340.3,3351.05,25080,0.0,113.14,187.5,0.5,0.67,0.5,12
farthest_package_first_MPA,9,2,200,7856,7737,105690.71,6306.67,12611,36194,0.96,3414.52,3414.05,25800,0.0,243.25,358.5,0.5,0.67,0.69,21
farthest_package_first_MPA,0,2,500,17057,16897,175453.92,13954.83,29595,81400,0.92,7559.58,7664.46,64320,0.0,180.14,145.64,0.5,0.67,0.59,138
farthest_package_first_MPA,1,2,500,17309,17211,166853.19,14038.29,28573,78922,0.92,7666.5,7420.22,62640,0.0,111.0,187.78,0.5,0.67,0.56,104
farthest_package_first_MPA,2,2,500,17163,16999,175045.14,15682.28,29561,81139,0.91,7697.46,7625.33,64080,0.0,231.53,224.25,0.5,0.67,0.56,120
farthest_package_first_MPA,3,2,500,15318,15143,164571.55,16075.43,28253,78784,0.93,7464.84,7375.98,62760,0.0,133.87,157.33,0.5,0.67,0.58,91
farthest_package_first_MPA,4,2,500,15647,15469,171115.68,14443.05,29308,81115,0.92,7502.66,7565.42,64440,0.0,182.74,172.67,0.5,0.67,0.54,131
farthest_package_first_MPA,5,2,500,16097,15990,164726.92,16431.82,28458,79875,0.94,7444.99,7508.65,63840,0.0,200.5,326.38,0.5,0.67,0.62,96
farthest_package_first_MPA,6,2,500,15658,15551,165002.01,16185.93,28654,80356,0.93,7532.77,7529.03,64320,0.0,211.86,299.22,0.5,0.67,0.67,113
farthest_package_first_MPA,7,2,500,16687,16516,176108.12,14908.34,29795,81967,0.92,7806.39,7726.47,64800,0.0,170.97,114.86,0.5,0.67,0.61,125
farthest_package_first_MPA,8,2,500,15914,15807,172328.48,16151.91,29085,80879,0.93,7570.77,7624.3,64080,0.0,378.28,111.15,0.5,0.67,0.56,112
farthest_package_first_MPA,9,2,500,16557,16397,169672.49,15418.85,29293,81103,0.92,7673.8,7660.11,64560,0.0,193.19,625.14,0.5,0.67,0.68,87
farthest_package_first_MPA,0,3,50,1721,1628,26166.93,2666.5,3061,8586,0.93,927.41,916.96,6000,0.0,-10,-10,0.5,-10,-10,0
farthest_package_first_MPA,1,3,50,1848,1778,30576.35,2555.4,3215,9019,0.94,937.67,959.16,6000,0.0,0.0,-10,0.5,0.33,-10,0
farthest_package_first_MPA,2,3,50,2089,2000,30550.17,2669.4,3269,9020,0.92,965.4,944.34,6000,0.0,0.0,-10,0.5,0.33,-10,0
farthest_package_first_MPA,3,3,50,1742,1636,28658.21,2277.62,3114,8832,0.95,917.35,909.88,6000,0.0,0.0,-10,0.5,0.33,-10,0
farthest_package_first_MPA,4,3,50,1729,1603,25732.29,2663.82,3082,8538,0.92,925.1,913.5,6000,0.0,-10,-10,0.5,-10,-10,0
farthest_package_first_MPA,5,3,50,2408,2302,28270.23,2640.25,3324,8910,0.89,1053.95,1052.18,6120,0.0,-10,8.0,0.5,-10,0.5,0
farthest_package_first_MPA,6,3,50,1895,1799,33460.86,2172.82,3416,9549,0.93,978.98,964.6,6240,0.0,0.0,310.0,0.5,0.33,0.5,0
farthest_package_first_MPA,7,3,50,1915,1794,30562.37,2737.84,3218,9255,0.96,1007.91,977.4,6240,0.0,0.0,63.0,0.5,0.33,0.5,0
farthest_package_first_MPA,8,3,50,2080,1946,27496.78,3099.96,3294,8717,0.88,986.32,942.48,6000,0.0,0.0,-10,0.5,0.33,-10,0
farthest_package_first_MPA,9,3,50,1967,1882,28164.89,2959.0,3404,8902,0.87,977.53,965.08,6120,0.0,0.0,707.0,0.5,0.33,0.5,0
farthest_package_first_MPA,0,3,100,3635,3537,57103.15,2646.48,6129,17880,0.97,1844.85,1796.43,12240,0.0,0.0,213.0,0.5,0.33,0.5,0
farthest_package_first_MPA,1,3,100,3368,3268,57972.98,2508.64,6227,18078,0.97,1783.19,1756.75,12360,0.0,0.0,379.0,0.5,0.33,0.5,0
farthest_package_first_MPA,2,3,100,3395,3292,58406.09,2630.99,6228,18249,0.98,1775.85,1758.25,12480,0.0,0.0,204.25,0.5,0.33,0.5,0
farthest_package_first_MPA,3,3,100,3154,3066,53997.02,2031.3,5966,17690,0.99,1695.41,1690.83,12360,0.0,0.0,260.33,0.5,0.33,0.5,0
farthest_package_first_MPA,4,3,100,3499,3418,53575.08,2404.78,6045,17400,0.96,1704.52,1697.37,12120,0.0,0.0,227.0,0.5,0.33,0.5,0
farthest_package_first_MPA,5,3,100,3360,3242,56488.37,2856.36,6072,17576,0.96,1698.39,1703.02,12000,0.0,0.0,-10,0.5,0.33,-10,0
farthest_package_first_MPA,6,3,100,3408,3320,57371.63,2495.48,6171,17906,0.97,1811.89,1699.09,12240,0.0,0.0,409.5,0.5,0.33,0.5,0
farthest_package_first_MPA,7,3,100,3555,3466,56192.51,2271.2,6088,17666,0.97,1731.27,1728.81,12120,0.0,0.0,614.0,0.5,0.33,0.5,0
farthest_package_first_MPA,8,3,100,3377,3276,56464.81,2586.48,5995,17696,0.98,1757.43,1735.51,12120,0.0,0.0,309.0,0.5,0.33,0.5,0
farthest_package_first_MPA,9,3,100,3570,3458,60386.63,2681.72,6436,18200,0.94,1784.4,1763.15,12240,0.0,0.0,939.5,0.5,0.33,0.5,0
farthest_package_first_MPA,0,3,200,6097,5952,74402.52,6432.7,11062,31778,0.96,3069.67,3061.07,24480,0.0,0.0,304.5,0.5,0.33,0.5,0
farthest_package_first_MPA,1,3,200,5884,5754,77727.62,6335.12,10914,31987,0.98,3043.15,2992.99,24360,0.0,0.0,215.33,0.5,0.33,0.5,0
farthest_package_first_MPA,2,3,200,6141,5997,74209.86,8136.58,10908,31520,0.96,3093.58,3056.81,24240,0.0,0.0,477.5,0.5,0.33,0.5,0
farthest_package_first_MPA,3,3,200,6454,6307,72062.79,6280.9,10937,31545,0.96,3145.44,2993.53,24480,0.0,0.0,263.0,0.5,0.33,0.5,0
farthest_package_first_MPA,4,3,200,7140,7010,80839.38,6452.52,11375,32896,0.96,3272.86,3244.93,24960,0.0,0.0,487.88,0.5,0.33,0.5,1
farthest_package_first_MPA,5,3,200,6297,6160,72518.57,6314.12,10990,31483,0.95,3034.71,3036.52,24360,0.0,0.0,85.67,0.5,0.33,0.5,0
farthest_package_first_MPA,6,3,200,6534,6386,73048.17,7806.99,10958,31399,0.96,3111.95,3083.14,24240,0.0,0.0,67.5,0.5,0.33,0.5,0
farthest_package_first_MPA,7,3,200,6291,6153,74123.43,5810.8,10916,31743,0.97,3057.43,3007.89,24480,0.0,0.0,174.5,0.5,0.33,0.5,0
farthest_package_first_MPA,8,3,200,6434,6300,74546.2,6031.22,10970,31565,0.96,3025.96,3017.84,24240,0.0,0.0,64.5,0.5,0.33,0.5,0
farthest_package_first_MPA,9,3,200,6753,6629,75542.45,6306.67,10895,31887,0.98,3092.46,3077.44,24480,0.0,0.0,305.5,0.5,0.33,0.5,0
farthest_package_first_MPA,0,3,500,14915,14751,123689.54,13954.83,25918,73319,0.94,6812.62,6882.51,61320,0.0,0.0,263.82,0.5,0.33,0.5,24
farthest_package_first_MPA,1,3,500,15316,15218,120358.32,14038.29,25345,72760,0.96,7039.22,6807.7,61080,0.0,0.0,103.67,0.5,0.33,0.5,31
farthest_package_first_MPA,2,3,500,14903,14737,125045.6,15682.28,25833,73576,0.95,6982.1,6898.34,61440,0.0,0.0,358.58,0.5,0.33,0.5,30
farthest_package_first_MPA,3,3,500,13646,13471,115310.5,16075.43,24817,71899,0.97,6898.21,6798.43,60720,0.0,0.0,317.67,0.5,0.33,0.5,2
farthest_package_first_MPA,4,3,500,13925,13744,119810.16,14443.05,25557,73062,0.95,6746.25,6778.64,61440,0.0,0.0,335.83,0.5,0.33,0.5,18
farthest_package_first_MPA,5,3,500,14204,14101,117409.19,16431.82,25239,72346,0.96,6813.49,6850.39,60960,0.0,0.0,302.25,0.5,0.33,0.5,6
farthest_package_first_MPA,6,3,500,13822,13715,115218.61,16185.93,25069,72227,0.96,6890.46,6861.31,61080,0.0,0.0,237.22,0.5,0.33,0.5,3
farthest_package_first_MPA,7,3,500,14443,14272,126222.05,14908.34,25428,73084,0.96,6891.47,6809.42,60840,0.0,0.0,219.71,0.5,0.33,0.5,35
farthest_package_first_MPA,8,3,500,14251,14144,122284.96,16151.91,25630,73435,0.96,6896.67,6920.25,61560,0.0,0.0,293.77,0.5,0.33,0.5,6
farthest_package_first_MPA,9,3,500,14125,13968,120059.0,15418.85,25290,72496,0.96,6905.51,6865.72,60840,0.0,0.0,617.86,0.5,0.33,0.5,13
farthest_package_first_MPA,0,4,50,1843,1752,22652.56,2666.5,2994,8237,0.92,896.86,879.74,6000,0.0,-10,-10,0.5,-10,-10,0
farthest_package_first_MPA,1,4,50,1747,1682,25600.17,2555.4,3017,8524,0.94,893.42,905.94,6000,0.0,0.0,-10,0.5,0.33,-10,0
farthest_package_first_MPA,2,4,50,1907,1827,25372.95,2669.4,3040,8504,0.93,925.23,889.5,6000,0.0,0.0,-10,0.5,0.33,-10,0
farthest_package_first_MPA,3,4,50,1783,1669,24937.94,2277.62,3033,8463,0.93,881.07,862.34,6000,0.0,0.0,-10,0.5,0.33,-10,0
farthest_package_first_MPA,4,4,50,1835,1735,22511.67,2663.82,3071,8217,0.89,884.35,869.74,6000,0.0,-10,-10,0.5,-10,-10,0
farthest_package_first_MPA,5,4,50,2324,2214,25763.69,2640.25,3353,8545,0.85,1000.41,996.62,6000,0.0,-10,0.0,0.5,-10,0.25,0
farthest_package_first_MPA,6,4,50,1765,1675,26124.37,2172.82,3030,8580,0.94,883.41,888.36,6000,0.0,0.0,0.0,0.5,0.33,0.25,0
farthest_package_first_MPA,7,4,50,1819,1701,26024.57,2737.84,2975,8566,0.96,911.17,890.72,6000,0.0,0.0,0.0,0.5,0.33,0.25,0
farthest_package_first_MPA,8,4,50,2051,1913,25570.06,3099.96,3261,8524,0.87,943.36,913.78,6000,0.0,0.0,-10,0.5,0.33,-10,0
farthest_package_first_MPA,9,4,50,1910,1821,24330.73,2959.0,3142,8399,0.89,901.52,898.1,6000,0.0,0.0,0.0,0.5,0.33,0.25,0
farthest_package_first_MPA,0,4,100,3474,3375,47707.65,2646.48,5802,16705,0.96,1692.7,1658.7,12000,0.0,0.0,0.0,0.5,0.33,0.25,0
farthest_package_first_MPA,1,4,100,3178,3084,48248.09,2508.64,5808,16755,0.96,1652.54,1601.84,12000,0.0,0.0,0.0,0.5,0.33,0.25,0
farthest_package_first_MPA,2,4,100,3157,3048,47637.94,2630.99,5831,16697,0.95,1613.13,1601.21,12000,0.0,0.0,0.0,0.5,0.33,0.25,0
farthest_package_first_MPA,3,4,100,3221,3136,45001.37,2031.3,5902,16431,0.93,1573.19,1567.74,12000,0.0,0.0,0.0,0.5,0.33,0.25,0
farthest_package_first_MPA,4,4,100,3322,3224,45025.8,2404.78,5925,16436,0.92,1589.95,1588.39,12000,0.0,0.0,0.0,0.5,0.33,0.25,0
farthest_package_first_MPA,5,4,100,3188,3062,46342.79,2856.36,5704,16570,0.97,1594.49,1598.74,12000,0.0,0.0,-10,0.5,0.33,-10,0
farthest_package_first_MPA,6,4,100,3168,3068,48096.59,2495.48,5753,16749,0.97,1700.91,1591.16,12000,0.0,0.0,0.0,0.5,0.33,0.25,0
farthest_package_first_MPA,7,4,100,3445,3364,47045.91,2271.2,5781,16640,0.96,1629.42,1613.83,12000,0.0,0.0,0.0,0.5,0.33,0.25,0
farthest_package_first_MPA,8,4,100,3223,3105,46890.88,2586.48,5733,16625,0.97,1638.03,1613.53,12000,0.0,0.0,0.0,0.5,0.33,0.25,0
farthest_package_first_MPA,9,4,100,3268,3156,50623.86,2681.72,6029,16995,0.94,1654.96,1618.54,12000,0.0,0.0,0.0,0.5,0.33,0.25,0
farthest_package_first_MPA,0,4,200,5764,5618,61798.53,6432.7,10589,30043,0.95,2908.92,2896.69,24000,0.0,0.0,0.0,0.5,0.33,0.25,0
farthest_package_first_MPA,1,4,200,5851,5724,64893.83,6335.12,10739,30363,0.94,2957.84,2901.03,24000,0.0,0.0,0.0,0.5,0.33,0.25,0
farthest_package_first_MPA,2,4,200,5914,5758,61493.28,8136.58,10509,30026,0.95,2963.65,2926.71,24000,0.0,0.0,0.0,0.5,0.33,0.25,0
farthest_package_first_MPA,3,4,200,6181,6034,59378.02,6280.9,10395,29812,0.96,3011.31,2861.53,24000,0.0,0.0,0.0,0.5,0.33,0.25,0
farthest_package_first_MPA,4,4,200,6592,6461,65741.0,6452.52,10726,30447,0.95,3055.28,3010.39,24000,0.0,0.0,0.0,0.5,0.33,0.25,0
farthest_package_first_MPA,5,4,200,5844,5707,60606.6,6314.12,10529,29937,0.95,2922.46,2927.72,24000,0.0,0.0,0.0,0.5,0.33,0.25,0
farthest_package_first_MPA,6,4,200,6393,6254,60538.93,7806.99,10601,29919,0.94,2987.82,2958.47,24000,0.0,0.0,0.0,0.5,0.33,0.25,0
farthest_package_first_MPA,7,4,200,6085,5948,62032.5,5810.8,10568,30067,0.95,2968.9,2895.1,24000,0.0,0.0,0.0,0.5,0.33,0.25,0
farthest_package_first_MPA,8,4,200,6326,6189,61848.72,6031.22,10454,30062,0.96,2886.0,2884.97,24000,0.0,0.0,0.0,0.5,0.33,0.25,0
farthest_package_first_MPA,9,4,200,6516,6392,63078.16,6306.67,10455,30174,0.96,2950.5,2912.76,24000,0.0,0.0,0.0,0.5,0.33,0.25,0
farthest_package_first_MPA,0,4,500,14153,13982,101699.16,13954.83,24575,69836,0.95,6456.76,6512.07,60000,0.0,0.0,0.0,0.5,0.33,0.25,7
farthest_package_first_MPA,1,4,500,14595,14497,98095.59,14038.29,24505,69498,0.95,6913.33,6677.44,60000,0.0,0.0,0.0,0.5,0.33,0.25,6
farthest_package_first_MPA,2,4,500,14069,13896,102750.52,15682.28,24649,69949,0.95,6749.84,6670.23,60000,0.0,0.0,0.0,0.5,0.33,0.25,9
farthest_package_first_MPA,3,4,500,13291,13116,96984.36,16075.43,23981,69376,0.96,6686.23,6597.58,60000,0.0,0.0,0.0,0.5,0.33,0.25,0
farthest_package_first_MPA,4,4,500,13350,13159,99872.73,14443.05,24259,69656,0.96,6446.74,6465.98,60000,0.0,0.0,0.0,0.5,0.33,0.25,4
farthest_package_first_MPA,5,4,500,13548,13441,97417.64,16431.82,24342,69416,0.95,6625.36,6657.43,60000,0.0,0.0,0.0,0.5,0.33,0.25,0
farthest_package_first_MPA,6,4,500,13277,13167,96675.94,16185.93,24265,69318,0.95,6667.68,6634.56,60000,0.0,0.0,0.0,0.5,0.33,0.25,0
farthest_package_first_MPA,7,4,500,13808,13635,102147.8,14908.34,24579,69882,0.95,6762.37,6666.58,60000,0.0,0.0,0.0,0.5,0.33,0.25,5
farthest_package_first_MPA,8,4,500,13522,13415,100949.5,16151.91,24415,69761,0.95,6647.63,6672.82,60000,0.0,0.0,0.0,0.5,0.33,0.25,0
farthest_package_first_MPA,9,4,500,13856,13689,97711.7,15418.85,24363,69460,0.95,6693.23,6658.06,60000,0.0,0.0,0.0,0.5,0.33,0.25,1
farthest_package_first,0,1,50,2367,2287,51737.79,2666.5,3906,11248,0.96,1210.63,1192.32,6120,2.0,-10,-10,1.0,-10,-10,0
farthest_package_first,1,1,50,2861,2792,72293.4,2555.4,5185,15080,0.97,1563.85,1652.78,7920,120.5,185.33,-10,1.0,1.0,-10,0
farthest_package_first,2,1,50,3033,2953,68714.35,2669.4,4833,14012,0.97,1466.63,1476.32,7200,74.88,185.0,-10,1.0,1.0,-10,0
farthest_package_first,3,1,50,2517,2414,62617.33,2277.62,4395,12812,0.97,1330.93,1322.34,6600,65.67,10.0,-10,1.0,1.0,-10,0
farthest_package_first,4,1,50,2329,2256,51410.8,2663.82,3888,11324,0.97,1227.98,1217.48,6240,199.0,-10,-10,1.0,-10,-10,0
farthest_package_first,5,1,50,3345,3260,61939.03,2640.25,4516,13090,0.97,1548.64,1565.32,6960,47.0,-10,269.0,1.0,-10,1.0,0
farthest_package_first,6,1,50,2708,2611,72981.18,2172.82,4987,14564,0.97,1476.75,1490.9,7320,142.0,237.0,252.0,1.0,1.0,1.0,0
farthest_package_first,7,1,50,2971,2859,70297.26,2737.84,5022,14646,0.97,1537.03,1531.58,7680,8.5,92.5,235.0,1.0,1.0,1.0,0
farthest_package_first,8,1,50,2746,2620,61323.96,3099.96,4365,12798,0.98,1379.68,1327.26,6720,98.5,92.5,-10,1.0,1.0,-10,0
farthest_package_first,9,1,50,2614,2525,62338.44,2959.0,4488,13372,0.99,1393.48,1398.56,7200,11.33,225.0,215.0,1.0,1.0,1.0,0
farthest_package_first,0,1,100,7029,6943,141024.71,2646.48,10927,29108,0.89,3261.95,3207.92,15120,70.06,254.0,281.0,1.0,1.0,1.0,55
farthest_package_first,1,1,100,5783,5689,140789.43,2508.64,11045,29532,0.89,3037.72,3075.31,15600,145.43,115.86,245.0,1.0,1.0,1.0,57
farthest_package_first,2,1,100,6554,6454,143914.16,2630.99,10992,28908,0.88,3049.3,3027.19,14640,50.0,109.5,278.25,1.0,1.0,1.0,52
farthest_package_first,3,1,100,5293,5207,132200.46,2031.3,10265,27978,0.91,2841.22,2924.29,14880,100.09,109.5,239.0,1.0,1.0,1.0,45
farthest_package_first,4,1,100,5586,5509,129481.84,2404.78,9691,26740,0.92,2758.34,2769.2,13920,89.11,138.5,237.0,1.0,1.0,1.0,39
farthest_package_first,5,1,100,5992,5874,135090.67,2856.36,10103,27302,0.9,2813.18,2879.29,13920,162.0,261.0,-10,1.0,1.0,-10,39
farthest_package_first,6,1,100,6144,6045,141264.61,2495.48,10714,28762,0.89,3007.3,2846.45,14760,103.36,119.0,266.0,1.0,1.0,1.0,51
farthest_package_first,7,1,100,6442,6361,138580.06,2271.2,10564,28256,0.89,2953.85,2994.62,14520,96.75,112.2,295.0,1.0,1.0,1.0,48
farthest_package_first,8,1,100,5890,5789,138119.64,2586.48,10261,27492,0.89,2878.74,2866.81,13800,2.38,257.0,313.0,1.0,1.0,1.0,47
farthest_package_first,9,1,100,6930,6808,153502.18,2681.72,11756,30456,0.86,3207.47,3204.71,15240,104.54,152.25,280.5,1.0,1.0,1.0,57
farthest_package_first,0,1,200,10019,9873,182586.91,6432.7,18645,48244,0.86,4894.54,4944.34,30240,60.0,80.55,246.5,1.0,1.0,1.0,119
farthest_package_first,1,1,200,10174,10051,190347.13,6335.12,19409,49516,0.85,4921.5,4893.43,30720,56.17,145.67,260.67,1.0,1.0,1.0,124
farthest_package_first,2,1,200,10224,10080,178594.68,8136.58,17681,46184,0.87,4674.56,4652.97,28560,70.5,168.57,214.0,1.0,1.0,1.0,96
farthest_package_first,3,1,200,10846,10701,170622.36,6280.9,17211,44798,0.87,4634.71,4405.19,27960,35.45,166.8,227.25,1.0,1.0,1.0,98
farthest_package_first,4,1,200,12991,12861,196094.31,6452.52,19876,50438,0.85,5340.34,5328.98,31080,69.16,178.0,224.38,1.0,1.0,1.0,127
farthest_package_first,5,1,200,9805,9676,172630.35,6314.12,17086,44282,0.86,4456.3,4481.94,27240,56.36,280.0,229.0,1.0,1.0,1.0,96
farthest_package_first,6,1,200,10722,10583,174526.28,7806.99,17238,45174,0.87,4639.74,4612.11,27960,100.74,66.25,269.0,1.0,1.0,1.0,94
farthest_package_first,7,1,200,9772,9642,179422.64,5810.8,18180,46970,0.86,4676.36,4628.12,29280,52.69,106.62,197.25,1.0,1.0,1.0,108
farthest_package_first,8,1,200,10742,10607,178365.37,6031.22,17844,46170,0.86,4681.36,4735.86,28560,62.06,167.57,276.5,1.0,1.0,1.0,101
farthest_package_first,9,1,200,11538,11419,185223.38,6306.67,18689,47910,0.85,4884.45,4910.13,29640,80.89,104.62,212.25,1.0,1.0,1.0,105
farthest_package_first,0,1,500,23113,22953,293624.08,13954.83,40893,104296,0.85,10359.37,10532.91,75600,45.07,98.48,190.27,1.0,1.0,1.0,379
farthest_package_first,1,1,500,23539,23441,282527.17,14038.29,39298,100766,0.85,10194.09,9877.36,73080,60.85,142.0,188.11,1.0,1.0,1.0,368
farthest_package_first,2,1,500,23594,23430,295711.13,15682.28,40688,104062,0.85,10445.51,10360.98,75120,72.67,111.47,201.83,1.0,1.0,1.0,381
farthest_package_first,3,1,500,19823,19740,275217.52,16075.43,37585,97122,0.86,9602.98,9507.79,70200,42.97,120.8,192.83,1.0,1.0,1.0,324
farthest_package_first,4,1,500,21098,20920,288154.92,14443.05,40200,103082,0.85,10138.27,10252.47,74880,71.98,125.65,190.75,1.0,1.0,1.0,382
farthest_package_first,5,1,500,21254,21147,280434.11,16431.82,38166,99086,0.87,9875.5,9977.89,71640,72.18,127.4,194.62,1.0,1.0,1.0,335
farthest_package_first,6,1,500,21072,20965,279465.86,16185.93,38928,101210,0.87,10067.2,10074.74,73920,60.06,140.38,177.44,1.0,1.0,1.0,357
farthest_package_first,7,1,500,22881,22710,299165.06,14908.34,41053,104530,0.85,10476.09,10399.14,75240,79.26,140.7,211.86,1.0,1.0,1.0,377
farthest_package_first,8,1,500,21778,21675,296996.25,16151.91,40406,103852,0.86,10370.75,10465.99,74760,58.21,133.39,201.31,1.0,1.0,1.0,378
farthest_package_first,9,1,500,21852,21692,286284.17,15418.85,39564,101838,0.86,10013.86,10015.36,73800,69.64,145.19,187.43,1.0,1.0,1.0,343
farthest_package_first,0,2,50,1991,1900,32475.63,2666.5,3263,9333,0.95,995.41,978.46,6120,58.0,-10,-10,1.0,-10,-10,0
farthest_package_first,1,2,50,2137,2067,41009.42,2555.4,3856,11132,0.96,1147.58,1205.68,7080,109.5,37.33,-10,0.8,0.67,-10,0
farthest_package_first,2,2,50,2191,2086,39117.48,2669.4,3569,10349,0.97,1086.08,1074.5,6480,57.62,99.0,-10,0.69,0.67,-10,0
farthest_package_first,3,2,50,2025,1919,37431.35,2277.62,3531,10067,0.95,1048.45,1045.86,6360,279.0,5.0,-10,0.83,0.67,-10,0
farthest_package_first,4,2,50,1901,1828,31429.43,2663.82,3198,9224,0.96,982.23,975.66,6120,113.5,-10,-10,0.75,-10,-10,0
farthest_package_first,5,2,50,2619,2534,37158.87,2640.25,3632,10273,0.94,1192.72,1202.88,6600,257.4,-10,259.0,0.8,-10,0.75,0
farthest_package_first,6,2,50,2019,1933,41637.34,2172.82,3696,10721,0.97,1097.51,1094.34,6600,239.0,89.0,12.0,0.83,0.67,0.5,0
farthest_package_first,7,2,50,2279,2167,39884.84,2737.84,3832,10904,0.95,1134.77,1127.8,6960,132.0,264.0,22.0,0.88,0.83,0.5,0
farthest_package_first,8,2,50,2195,2087,37289.05,3099.96,3484,10049,0.96,1098.7,1052.3,6360,105.5,69.0,-10,0.75,0.67,-10,0
farthest_package_first,9,2,50,2148,2059,36729.97,2959.0,3556,10227,0.96,1076.12,1071.66,6600,106.67,22.0,460.0,0.67,0.67,0.75,0
farthest_package_first,0,2,100,4585,4499,78769.7,2646.48,7429,21827,0.98,2201.14,2189.98,14040,168.06,9.0,442.0,0.83,0.67,0.75,0
farthest_package_first,1,2,100,3971,3881,79027.05,2508.64,7547,21602,0.95,2118.17,2133.42,13800,94.29,171.57,396.0,0.71,0.67,0.67,0
farthest_package_first,2,2,100,3983,3880,79678.75,2630.99,7215,21080,0.97,2054.7,2039.34,13200,79.83,25.0,220.5,0.75,0.67,0.56,0
farthest_package_first,3,2,100,3719,3633,73931.38,2031.3,7041,20744,0.98,1989.08,2037.15,13440,182.27,224.0,349.67,0.73,0.67,0.67,0
farthest_package_first,4,2,100,3862,3785,72319.12,2404.78,6763,19984,0.98,1974.72,1966.27,12840,113.22,4.5,20.0,0.72,0.67,0.5,0
farthest_package_first,5,2,100,3912,3804,75435.26,2856.36,6957,20291,0.97,1965.43,2006.13,12840,243.88,187.25,-10,0.69,0.67,-10,0
farthest_package_first,6,2,100,4110,4022,79098.76,2495.48,7479,21741,0.97,2123.41,2020.58,13920,175.73,193.0,475.0,0.86,0.78,0.75,0
farthest_package_first,7,2,100,4248,4159,76813.54,2271.2,7152,20917,0.97,2042.93,2083.43,13320,369.75,379.2,15.0,0.75,0.73,0.5,0
farthest_package_first,8,2,100,3949,3841,77015.14,2586.48,6982,20456,0.98,2017.21,2006.61,12840,94.38,36.5,18.0,0.75,0.67,0.5,0
farthest_package_first,9,2,100,4074,3962,83581.13,2681.72,7313,21465,0.98,2113.31,2098.22,13200,80.23,59.0,39.0,0.65,0.67,0.5,0
farthest_package_first,0,2,200,7114,6969,101705.02,6432.7,12959,37347,0.96,3571.89,3595.47,27360,154.67,148.64,212.75,0.81,0.67,0.62,3
farthest_package_first,1,2,200,7108,6985,106981.5,6335.12,13301,38127,0.96,3598.39,3587.51,27600,283.43,374.25,434.67,0.76,0.67,0.75,8
farthest_package_first,2,2,200,7174,7029,99622.22,8136.58,12533,35954,0.96,3506.56,3490.8,26160,215.22,78.71,295.5,0.72,0.67,0.62,2
farthest_package_first,3,2,200,7472,7327,96455.43,6280.9,12266,35519,0.97,3472.61,3315.61,26040,71.27,204.4,331.5,0.73,0.67,0.69,10
farthest_package_first,4,2,200,8784,8653,113619.34,6452.52,13744,38300,0.93,3734.38,3730.77,27120,91.79,141.12,421.12,0.63,0.67,0.66,34
farthest_package_first,5,2,200,6979,6850,99754.46,6314.12,12486,35851,0.96,3384.47,3405.0,26040,269.86,228.0,85.0,0.89,0.67,0.58,11
farthest_package_first,6,2,200,7483,7342,97710.36,7806.99,12224,35642,0.97,3443.67,3434.22,26040,209.89,88.75,176.5,0.76,0.67,0.62,4
farthest_package_first,7,2,200,6935,6802,100990.36,5810.8,12733,37042,0.97,3476.48,3434.64,27120,210.88,208.38,131.75,0.84,0.71,0.62,3
farthest_package_first,8,2,200,7640,7506,102992.22,6031.22,12583,36291,0.96,3404.94,3433.97,26160,172.28,109.43,231.5,0.72,0.67,0.62,20
farthest_package_first,9,2,200,7997,7878,105895.84,6306.67,12971,37170,0.96,3533.35,3541.18,26760,111.0,179.75,385.75,0.68,0.71,0.69,19
farthest_package_first,0,2,500,17277,17113,176194.16,13954.83,30260,83271,0.92,7744.34,7866.76,66120,147.76,165.67,170.09,0.63,0.68,0.59,142
farthest_package_first,1,2,500,18130,18032,168852.98,14038.29,29893,82464,0.92,7973.31,7723.72,66000,124.13,143.0,170.44,0.72,0.7,0.58,121
farthest_package_first,2,2,500,17686,17522,177717.64,15682.28,30536,84034,0.92,7991.11,7922.89,66720,95.19,150.89,243.75,0.71,0.68,0.54,134
farthest_package_first,3,2,500,15580,15405,165967.27,16075.43,29057,81072,0.93,7647.18,7571.84,64920,153.81,172.73,353.83,0.72,0.71,0.58,97
farthest_package_first,4,2,500,15981,15801,172360.6,14443.05,30158,83387,0.92,7726.5,7802.91,66600,168.1,140.13,159.0,0.69,0.71,0.52,139
farthest_package_first,5,2,500,16553,16446,165660.42,16431.82,29299,82240,0.94,7695.01,7768.48,66120,146.97,197.6,329.62,0.76,0.7,0.62,97
farthest_package_first,6,2,500,16161,16054,165685.87,16185.93,29699,82936,0.93,7880.63,7885.35,66840,113.55,165.52,234.89,0.7,0.71,0.64,102
farthest_package_first,7,2,500,17142,16971,178595.27,14908.34,30569,84121,0.92,7970.88,7900.69,66720,116.54,145.27,127.29,0.67,0.68,0.57,142
farthest_package_first,8,2,500,16534,16427,173976.51,16151.91,30070,83667,0.93,7856.33,7927.86,66720,135.23,387.56,141.85,0.72,0.7,0.54,113
farthest_package_first,9,2,500,17316,17159,173004.44,15418.85,30471,84178,0.92,7983.69,7989.53,67320,158.07,178.65,490.86,0.74,0.71,0.68,103
farthest_package_first,0,3,50,1721,1628,26166.93,2666.5,3061,8586,0.93,927.41,916.96,6000,0.0,-10,-10,0.5,-10,-10,0
farthest_package_first,1,3,50,1861,1781,30006.23,2555.4,3338,9438,0.94,981.74,1023.56,6480,16.5,195.0,-10,0.55,0.67,-10,0
farthest_package_first,2,3,50,2098,2009,30297.75,2669.4,3308,9470,0.95,997.62,973.9,6480,32.0,0.0,-10,0.75,0.33,-10,0
farthest_package_first,3,3,50,2052,1946,28837.98,2277.62,3424,9091,0.89,928.2,933.56,6240,41.67,523.0,-10,0.67,0.67,-10,0
farthest_package_first,4,3,50,1736,1647,26053.61,2663.82,3133,8689,0.92,925.83,914.5,6120,5.5,-10,-10,0.75,-10,-10,0
farthest_package_first,5,3,50,2287,2181,28236.04,2640.25,3209,9145,0.95,1057.86,1063.26,6360,41.6,-10,8.0,0.7,-10,0.5,0
farthest_package_first,6,3,50,2109,2013,33140.49,2172.82,3586,9758,0.91,985.39,998.42,6480,9.67,243.0,252.0,0.67,0.67,0.5,0
farthest_package_first,7,3,50,2075,1954,31359.0,2737.84,3366,9696,0.96,1016.31,1000.98,6600,166.0,58.0,57.0,0.75,0.5,0.5,0
farthest_package_first,8,3,50,2157,2023,27507.77,3099.96,3368,8957,0.89,992.86,975.42,6240,364.0,138.0,-10,0.75,0.5,-10,0
farthest_package_first,9,3,50,2086,2001,28198.94,2959.0,3523,9143,0.87,980.57,989.34,6360,63.67,0.0,707.0,0.83,0.33,0.5,0
farthest_package_first,0,3,100,3829,3743,57447.44,2646.48,6410,18513,0.96,1891.23,1870.35,12840,102.61,0.0,213.0,0.64,0.33,0.5,0
farthest_package_first,1,3,100,3484,3384,58266.11,2508.64,6355,18466,0.97,1788.32,1786.05,12720,44.43,25.29,282.0,0.64,0.38,0.5,0
farthest_package_first,2,3,100,3449,3339,58377.0,2630.99,6282,18486,0.98,1776.73,1775.17,12720,0.0,223.0,221.5,0.5,0.67,0.5,0
farthest_package_first,3,3,100,3207,3129,54003.37,2031.3,6153,17808,0.96,1696.84,1708.0,12480,45.0,0.0,270.33,0.55,0.33,0.5,0
farthest_package_first,4,3,100,3545,3461,53543.09,2404.78,6130,17876,0.97,1747.37,1758.75,12600,173.78,138.5,227.0,0.67,0.5,0.5,0
farthest_package_first,5,3,100,3477,3358,56075.06,2856.36,6256,17772,0.95,1718.14,1742.15,12240,161.88,35.0,-10,0.56,0.42,-10,0
farthest_package_first,6,3,100,3654,3555,57527.63,2495.48,6388,18639,0.97,1852.52,1744.95,12960,46.91,259.67,311.5,0.68,0.44,0.62,0
farthest_package_first,7,3,100,3831,3745,56606.88,2271.2,6480,18425,0.95,1775.64,1812.51,12840,44.0,267.2,560.0,0.62,0.6,0.5,0
farthest_package_first,8,3,100,3529,3421,57882.5,2586.48,6336,18434,0.97,1787.73,1781.3,12720,114.75,197.0,309.0,0.69,0.67,0.5,0
farthest_package_first,9,3,100,3766,3654,60958.73,2681.72,6646,19213,0.96,1847.83,1848.61,13200,140.38,312.5,603.0,0.69,0.58,0.5,0
farthest_package_first,0,3,200,6285,6140,74679.82,6432.7,11582,33479,0.96,3172.79,3198.47,26160,175.06,248.55,325.0,0.64,0.61,0.5,0
farthest_package_first,1,3,200,6098,5972,77838.29,6335.12,11342,33315,0.98,3115.32,3103.99,25680,100.91,209.17,279.0,0.59,0.53,0.5,0
farthest_package_first,2,3,200,6447,6300,75127.8,8136.58,11295,32803,0.97,3191.44,3171.8,25440,165.33,223.57,358.5,0.67,0.52,0.5,0
farthest_package_first,3,3,200,6809,6660,72708.25,6280.9,11428,32686,0.95,3185.69,3065.47,25560,350.73,514.4,467.5,0.64,0.67,0.56,0
farthest_package_first,4,3,200,7447,7317,81710.79,6452.52,12083,34541,0.95,3309.42,3326.16,26520,133.58,402.12,483.38,0.63,0.67,0.5,5
farthest_package_first,5,3,200,6377,6245,72990.64,6314.12,11293,32127,0.95,3093.41,3106.59,24960,60.0,291.5,52.67,0.61,0.67,0.5,0
farthest_package_first,6,3,200,6822,6683,73582.14,7806.99,11265,32646,0.97,3193.65,3171.78,25440,126.58,44.5,75.5,0.71,0.5,0.5,0
farthest_package_first,7,3,200,6403,6265,74465.08,5810.8,11324,33094,0.97,3124.66,3091.18,25800,132.31,151.62,176.0,0.66,0.58,0.5,0
farthest_package_first,8,3,200,6681,6547,74741.25,6031.22,11405,33015,0.96,3126.89,3148.01,25680,245.61,99.0,118.5,0.72,0.52,0.5,0
farthest_package_first,9,3,200,7068,6939,76129.21,6306.67,11497,33378,0.97,3218.63,3226.38,25920,103.37,158.5,266.25,0.66,0.54,0.56,0
farthest_package_first,0,3,500,15820,15660,128471.68,13954.83,27368,77020,0.94,7089.58,7197.97,64560,90.0,205.19,200.36,0.62,0.52,0.55,38
farthest_package_first,1,3,500,15940,15842,122558.96,14038.29,26448,75608,0.95,7295.33,7069.72,63720,57.3,203.27,119.67,0.63,0.52,0.5,36
farthest_package_first,2,3,500,15753,15589,126589.61,15682.28,27369,77674,0.95,7340.34,7283.65,65400,177.73,172.0,305.25,0.69,0.54,0.52,31
farthest_package_first,3,3,500,14047,13872,116350.61,16075.43,25796,74151,0.96,7050.59,6978.59,62880,112.41,375.47,312.83,0.57,0.62,0.5,7
farthest_package_first,4,3,500,14210,14030,121219.6,14443.05,26528,75952,0.95,6966.0,7024.84,64200,119.64,155.22,362.08,0.63,0.46,0.56,22
farthest_package_first,5,3,500,14661,14554,117804.77,16431.82,26323,75495,0.96,7077.44,7147.55,64080,159.3,239.75,350.62,0.68,0.55,0.53,4
farthest_package_first,6,3,500,14667,14560,116493.0,16185.93,26378,76177,0.96,7225.68,7222.37,64920,137.89,156.0,285.56,0.68,0.54,0.56,6
farthest_package_first,7,3,500,15284,15113,128707.79,14908.34,27146,77521,0.95,7309.69,7247.26,65040,101.46,277.5,255.0,0.62,0.6,0.5,42
farthest_package_first,8,3,500,14690,14583,124775.71,16151.91,27040,77141,0.95,7207.67,7262.84,65040,99.46,308.0,231.23,0.67,0.56,0.52,21
farthest_package_first,9,3,500,14828,14671,120732.05,15418.85,26474,75901,0.96,7177.74,7171.68,64200,114.43,181.12,545.43,0.62,0.55,0.54,16
farthest_package_first,0,4,50,1843,1752,22652.56,2666.5,2994,8237,0.92,896.86,879.74,6000,0.0,-10,-10,0.5,-10,-10,0
farthest_package_first,1,4,50,2005,1920,27040.52,2555.4,3499,9385,0.89,973.67,1001.12,6720,79.6,214.33,-10,0.65,0.67,-10,0
farthest_package_first,2,4,50,1907,1827,25428.2,2669.4,3095,8629,0.93,926.12,901.28,6120,64.75,0.0,-10,0.56,0.33,-10,0
farthest_package_first,3,4,50,1818,1705,24513.68,2277.62,3068,8539,0.93,884.35,872.26,6120,0.0,35.0,-10,0.5,0.67,-10,0
farthest_package_first,4,4,50,1976,1876,22663.41,2663.82,3212,8351,0.87,889.65,878.96,6120,163.0,-10,-10,0.75,-10,-10,0
farthest_package_first,5,4,50,2451,2341,25963.23,2640.25,3480,8803,0.84,1022.79,1035.36,6240,68.6,-10,302.0,0.6,-10,0.5,0
farthest_package_first,6,4,50,1765,1675,26984.67,2172.82,3122,8786,0.94,885.21,890.56,6120,0.0,0.0,55.0,0.5,0.33,0.38,0
farthest_package_first,7,4,50,1825,1707,25532.87,2737.84,3243,8996,0.92,929.09,929.74,6480,223.75,100.5,243.5,0.75,0.5,0.38,0
farthest_package_first,8,4,50,2171,2033,25670.53,3099.96,3247,8774,0.9,954.39,918.88,6240,97.5,9.0,-10,0.75,0.5,-10,0
farthest_package_first,9,4,50,1910,1821,24080.67,2959.0,3133,8613,0.92,887.33,920.92,6240,0.0,13.0,721.0,0.5,0.5,0.5,0
farthest_package_first,0,4,100,4021,3922,48667.24,2646.48,6357,17996,0.94,1769.12,1786.73,13200,158.61,1418.0,182.0,0.69,0.67,0.5,0
farthest_package_first,1,4,100,3479,3377,47770.24,2508.64,6189,17423,0.94,1681.18,1683.63,12720,177.71,262.0,72.33,0.64,0.48,0.33,0
farthest_package_first,2,4,100,3234,3112,47700.6,2630.99,6063,17182,0.94,1648.63,1630.31,12480,0.0,151.5,137.25,0.5,0.67,0.38,0
farthest_package_first,3,4,100,3185,3100,45117.39,2031.3,5864,16801,0.96,1593.13,1587.84,12360,0.0,0.0,144.0,0.5,0.33,0.5,0
farthest_package_first,4,4,100,3360,3255,45022.59,2404.78,5990,17035,0.95,1634.69,1652.35,12600,44.0,146.0,227.0,0.67,0.5,0.5,0
farthest_package_first,5,4,100,3168,3042,46035.35,2856.36,5677,16777,0.99,1599.86,1608.56,12240,60.0,8.25,-10,0.56,0.42,-10,0
farthest_package_first,6,4,100,3417,3329,48105.14,2495.48,6066,17583,0.97,1734.93,1636.57,12840,42.18,344.67,16.5,0.64,0.67,0.38,0
farthest_package_first,7,4,100,3492,3403,46906.91,2271.2,5828,16987,0.97,1636.58,1640.28,12360,22.38,48.6,547.0,0.56,0.4,0.5,0
farthest_package_first,8,4,100,3246,3138,47260.49,2586.48,5988,17142,0.95,1663.29,1678.49,12480,12.75,1054.5,309.0,0.62,0.5,0.5,0
farthest_package_first,9,4,100,3395,3267,51937.16,2681.72,6214,17725,0.95,1676.54,1665.19,12600,68.85,163.25,36.0,0.58,0.5,0.38,0
farthest_package_first,0,4,200,6082,5927,62857.12,6432.7,11162,31464,0.94,3031.78,3044.51,25320,51.5,223.18,314.5,0.56,0.52,0.44,0
farthest_package_first,1,4,200,6209,6082,64846.72,6335.12,11510,32033,0.93,3112.04,3092.07,25680,145.0,259.42,332.33,0.65,0.44,0.5,0
farthest_package_first,2,4,200,6435,6291,61446.99,8136.58,11127,30976,0.93,3074.76,3074.03,24960,45.17,724.86,202.5,0.56,0.57,0.38,0
farthest_package_first,3,4,200,6419,6272,59572.88,6280.9,11032,31023,0.94,3060.64,2958.72,25200,175.55,617.8,421.0,0.59,0.6,0.5,0
farthest_package_first,4,4,200,7122,6982,66659.13,6452.52,11368,32094,0.94,3116.32,3120.93,25560,48.89,230.38,390.62,0.58,0.54,0.41,0
farthest_package_first,5,4,200,5899,5762,61147.65,6314.12,10686,30583,0.95,2946.8,2965.7,24600,14.21,226.0,380.0,0.57,0.5,0.42,0
farthest_package_first,6,4,200,6653,6507,60640.73,7806.99,10988,30646,0.93,3070.64,3058.22,24720,121.89,25.25,171.0,0.61,0.42,0.38,0
farthest_package_first,7,4,200,6228,6091,62446.52,5810.8,11112,31425,0.94,2971.81,2922.53,25320,155.31,177.5,263.0,0.69,0.42,0.44,0
farthest_package_first,8,4,200,6414,6277,62104.29,6031.22,10791,31041,0.96,2939.75,2951.18,24960,136.28,67.0,117.5,0.67,0.38,0.38,0
farthest_package_first,9,4,200,6601,6462,63912.57,6306.67,10832,31215,0.96,2991.96,2986.93,24960,100.21,17.75,143.25,0.58,0.42,0.44,0
farthest_package_first,0,4,500,14396,14232,102755.56,13954.83,25723,73161,0.95,6697.45,6792.32,63240,102.87,291.81,240.09,0.58,0.51,0.41,11
farthest_package_first,1,4,500,15427,15326,98436.01,14038.29,25925,73119,0.94,7176.23,6952.97,63600,108.18,231.09,218.33,0.65,0.45,0.47,0
farthest_package_first,2,4,500,14718,14551,101055.29,15682.28,25914,73367,0.94,7074.21,7020.02,63600,100.67,201.21,233.25,0.62,0.49,0.42,0
farthest_package_first,3,4,500,13755,13578,97290.82,16075.43,25093,72159,0.96,6864.43,6796.05,62760,133.3,52.13,380.33,0.68,0.47,0.42,0
farthest_package_first,4,4,500,14214,14030,102421.27,14443.05,26104,74336,0.95,6891.02,6954.32,64440,166.31,304.39,340.58,0.67,0.55,0.42,8
farthest_package_first,5,4,500,14751,14644,98151.46,16431.82,26257,73435,0.93,6977.84,7047.02,63960,106.52,370.4,238.12,0.64,0.6,0.5,0
farthest_package_first,6,4,500,14302,14192,97817.55,16185.93,26027,73381,0.94,7088.93,7085.97,63960,88.36,236.52,436.11,0.63,0.48,0.58,0
farthest_package_first,7,4,500,14492,14321,102348.89,14908.34,25784,73127,0.95,7011.04,6940.7,63240,49.37,241.73,229.0,0.55,0.51,0.46,5
farthest_package_first,8,4,500,14300,14193,101268.64,16151.91,25682,73377,0.95,6948.53,7003.63,63600,65.38,267.83,230.15,0.6,0.5,0.46,0
farthest_package_first,9,4,500,14373,14210,98600.17,15418.85,25649,73132,0.95,7046.27,7043.86,63600,144.36,201.35,449.29,0.63,0.49,0.5,0
closest_package_first,0,1,50,2465,2263,51737.79,2666.5,4116,11248,0.91,983.96,999.48,6120,155.0,-10,-10,1.0,-10,-10,0
closest_package_first,1,1,50,2931,2766,72293.4,2555.4,5323,15080,0.94,1250.12,1199.08,7920,73.7,208.33,-10,1.0,1.0,-10,0
closest_package_first,2,1,50,3127,2948,68714.35,2669.4,4971,14012,0.94,1225.57,1244.96,7200,68.75,175.0,-10,1.0,1.0,-10,0
closest_package_first,3,1,50,2565,2401,62617.33,2277.62,4493,12812,0.95,1097.91,1101.26,6600,83.0,26.0,-10,1.0,1.0,-10,0
closest_package_first,4,1,50,2411,2248,51410.8,2663.82,4042,11324,0.93,969.44,976.76,6240,16.0,-10,-10,1.0,-10,-10,0
closest_package_first,5,1,50,3431,3249,61939.03,2640.25,4656,13090,0.94,1267.19,1244.6,6960,13.6,-10,267.0,1.0,-10,1.0,0
closest_package_first,6,1,50,2766,2592,72981.18,2172.82,5093,14564,0.95,1218.92,1220.26,7320,22.0,201.0,252.0,1.0,1.0,1.0,0
closest_package_first,7,1,50,3021,2827,70297.26,2737.84,5120,14646,0.95,1222.19,1248.3,7680,96.5,59.0,235.0,1.0,1.0,1.0,0
closest_package_first,8,1,50,2824,2622,61323.96,3099.96,4541,12798,0.94,1146.89,1198.34,6720,96.5,44.0,-10,1.0,1.0,-10,0
closest_package_first,9,1,50,2682,2502,62338.44,2959.0,4606,13372,0.97,1168.68,1188.34,7200,20.67,207.0,211.0,1.0,1.0,1.0,0
closest_package_first,0,1,100,7233,7033,141024.71,2646.48,11329,29108,0.86,2404.79,2360.25,15120,82.78,173.0,337.5,1.0,1.0,1.0,22
closest_package_first,1,1,100,5995,5813,140789.43,2508.64,11444,29532,0.86,2370.16,2367.64,15600,65.86,170.29,243.67,1.0,1.0,1.0,22
closest_package_first,2,1,100,6761,6563,143914.16,2630.99,11381,28908,0.85,2385.85,2324.63,14640,81.0,178.0,347.0,1.0,1.0,1.0,25
closest_package_first,3,1,100,5473,5292,132200.46,2031.3,10630,27978,0.88,2216.0,2170.4,14880,123.45,123.5,215.67,1.0,1.0,1.0,19
closest_package_first,4,1,100,5771,5595,129481.84,2404.78,10028,26740,0.89,2149.08,2169.35,13920,68.89,206.0,227.0,1.0,1.0,1.0,16
closest_package_first,5,1,100,6210,5992,135090.67,2856.36,10514,27302,0.87,2248.24,2191.98,13920,100.25,169.0,-10,1.0,1.0,-10,18
closest_package_first,6,1,100,6338,6155,141264.61,2495.48,11074,28762,0.87,2317.04,2468.93,14760,79.55,184.0,189.0,1.0,1.0,1.0,20
closest_package_first,7,1,100,6610,6445,138580.06,2271.2,10849,28256,0.87,2344.81,2328.2,14520,90.75,204.8,207.0,1.0,1.0,1.0,21
closest_package_first,8,1,100,6071,5862,138119.64,2586.48,10584,27492,0.87,2208.55,2214.4,13800,86.0,47.0,309.0,1.0,1.0,1.0,20
closest_package_first,9,1,100,7103,6896,153502.18,2681.72,12096,30456,0.84,2541.62,2506.4,15240,89.54,216.75,235.0,1.0,1.0,1.0,28
closest_package_first,0,1,200,10218,10016,182586.91,6432.7,18949,48244,0.85,4381.96,4348.02,30240,53.94,160.91,246.0,1.0,1.0,1.0,85
closest_package_first,1,1,200,10256,10077,190347.13,6335.12,19622,49516,0.84,4487.58,4439.58,30720,81.22,162.08,245.0,1.0,1.0,1.0,87
closest_package_first,2,1,200,10425,10234,178594.68,8136.58,17932,46184,0.86,4281.13,4271.85,28560,67.33,126.71,195.0,1.0,1.0,1.0,66
closest_package_first,3,1,200,11001,10799,170622.36,6280.9,17418,44798,0.86,4187.84,4084.76,27960,90.0,149.2,211.0,1.0,1.0,1.0,72
closest_package_first,4,1,200,13074,12890,196094.31,6452.52,20120,50438,0.84,4880.52,4918.24,31080,67.53,134.12,232.38,1.0,1.0,1.0,91
closest_package_first,5,1,200,9849,9656,172630.35,6314.12,17224,44282,0.86,4035.22,3983.39,27240,44.36,218.5,259.67,1.0,1.0,1.0,65
closest_package_first,6,1,200,10796,10603,174526.28,7806.99,17460,45174,0.86,4235.9,4209.37,27960,80.0,137.75,245.5,1.0,1.0,1.0,63
closest_package_first,7,1,200,9875,9688,179422.64,5810.8,18425,46970,0.85,4216.98,4312.15,29280,70.5,131.5,178.0,1.0,1.0,1.0,70
closest_package_first,8,1,200,10892,10693,178365.37,6031.22,18177,46170,0.85,4188.86,4092.2,28560,70.89,187.29,276.5,1.0,1.0,1.0,78
closest_package_first,9,1,200,11594,11407,185223.38,6306.67,18962,47910,0.84,4382.47,4380.17,29640,76.74,157.38,207.25,1.0,1.0,1.0,80
closest_package_first,0,1,500,23347,23139,293624.08,13954.83,41335,104296,0.84,10121.27,10260.17,75600,59.49,118.38,198.27,1.0,1.0,1.0,281
closest_package_first,1,1,500,23784,23649,282527.17,14038.29,39722,100766,0.85,9925.6,9706.54,73080,63.3,112.91,180.56,1.0,1.0,1.0,267
closest_package_first,2,1,500,23806,23593,295711.13,15682.28,41173,104062,0.84,10178.79,10095.9,75120,71.02,130.53,201.17,1.0,1.0,1.0,280
closest_package_first,3,1,500,19992,19854,275217.52,16075.43,37969,97122,0.85,9342.63,9223.76,70200,54.35,131.0,191.5,1.0,1.0,1.0,234
closest_package_first,4,1,500,21348,21130,288154.92,14443.05,40703,103082,0.84,9914.54,9913.44,74880,63.12,113.39,203.5,1.0,1.0,1.0,269
closest_package_first,5,1,500,21516,21380,280434.11,16431.82,38736,99086,0.85,9634.71,9689.82,71640,74.27,139.65,186.25,1.0,1.0,1.0,228
closest_package_first,6,1,500,21389,21249,279465.86,16185.93,39491,101210,0.85,9810.18,9913.72,73920,74.38,95.52,168.67,1.0,1.0,1.0,253
closest_package_first,7,1,500,23129,22910,299165.06,14908.34,41480,104530,0.84,10185.99,10054.67,75240,61.54,130.33,221.57,1.0,1.0,1.0,280
closest_package_first,8,1,500,21979,21842,296996.25,16151.91,40948,103852,0.85,10125.13,10194.51,74760,54.21,113.11,197.62,1.0,1.0,1.0,271
closest_package_first,9,1,500,22107,21910,286284.17,15418.85,39994,101838,0.85,9756.52,9722.69,73800,67.57,135.81,197.0,1.0,1.0,1.0,267
closest_package_first,0,2,50,2243,2041,34258.26,2666.5,3530,9390,0.89,838.8,851.42,6000,0.0,-10,-10,0.5,-10,-10,0
closest_package_first,1,2,50,2349,2184,42783.19,2555.4,4078,11429,0.93,1033.64,1007.88,7200,124.1,291.0,-10,0.85,0.67,-10,0
closest_package_first,2,2,50,2551,2372,41206.88,2669.4,3933,10558,0.89,982.33,988.12,6480,17.5,195.0,-10,0.62,1.0,-10,0
closest_package_first,3,2,50,2088,1927,37266.71,2277.62,3677,10050,0.91,921.44,926.98,6360,110.67,516.0,-10,0.83,0.67,-10,0
closest_package_first,4,2,50,2038,1877,32900.74,2663.82,3619,9250,0.85,832.92,842.1,6000,0.0,-10,-10,0.5,-10,-10,0
closest_package_first,5,2,50,2655,2490,37880.87,2640.25,3700,10344,0.93,1051.91,1030.5,6600,103.8,-10,267.0,0.8,-10,0.75,0
closest_package_first,6,2,50,2166,2001,45531.78,2172.82,3995,10993,0.92,969.69,962.66,6480,67.0,28.0,252.0,0.67,0.67,0.5,0
closest_package_first,7,2,50,2199,2006,42541.59,2737.84,3755,10811,0.96,950.31,960.32,6600,10.25,107.5,98.0,0.62,0.67,0.5,0
closest_package_first,8,2,50,2152,1953,38230.02,3099.96,3513,10144,0.96,936.88,980.3,6360,0.0,356.5,-10,0.5,0.83,-10,0
closest_package_first,9,2,50,2303,2123,39243.52,2959.0,3717,10362,0.93,947.63,957.32,6480,0.0,133.5,560.0,0.5,0.67,0.75,0
closest_package_first,0,2,100,4611,4411,83536.33,2646.48,7559,21952,0.97,1826.13,1811.16,13680,159.06,37.0,310.5,0.75,0.67,0.75,0
closest_package_first,1,2,100,4041,3869,81483.79,2508.64,7661,21726,0.95,1792.12,1754.33,13680,21.86,154.0,99.67,0.57,0.76,0.58,0
closest_package_first,2,2,100,4132,3943,82523.85,2630.99,7346,21365,0.97,1774.06,1752.62,13200,332.5,120.5,357.0,0.75,0.67,0.56,0
closest_package_first,3,2,100,3826,3645,75816.87,2031.3,7271,21057,0.97,1709.31,1676.32,13560,171.64,478.5,470.0,0.73,0.83,0.67,0
closest_package_first,4,2,100,3937,3764,74036.21,2404.78,6986,20275,0.97,1691.39,1702.99,12960,218.0,340.0,192.0,0.78,0.67,0.5,0
closest_package_first,5,2,100,3957,3757,77642.15,2856.36,6970,20397,0.98,1734.09,1692.11,12720,126.5,359.75,-10,0.62,0.67,-10,0
closest_package_first,6,2,100,4245,4065,81989.5,2495.48,7543,21315,0.94,1699.2,1794.06,13200,105.27,79.67,148.0,0.73,0.67,0.5,0
closest_package_first,7,2,100,4546,4381,81643.73,2271.2,7722,21877,0.94,1832.3,1803.35,13800,245.25,120.4,207.0,0.94,0.73,0.75,0
closest_package_first,8,2,100,4046,3837,77857.42,2586.48,7163,20658,0.96,1699.36,1702.54,12960,132.38,89.0,211.0,0.81,0.67,0.5,0
closest_package_first,9,2,100,4111,3904,87051.19,2681.72,7692,21694,0.94,1807.09,1778.55,13080,5.23,436.25,309.5,0.54,0.75,0.62,0
closest_package_first,0,2,200,7190,6993,106858.35,6432.7,13212,37631,0.95,3428.15,3394.69,27120,100.17,147.09,144.25,0.75,0.67,0.62,3
closest_package_first,1,2,200,7285,7110,111731.0,6335.12,13743,38842,0.94,3499.25,3466.28,27840,213.91,270.33,441.33,0.78,0.72,0.67,6
closest_package_first,2,2,200,7144,6953,103266.59,8136.58,12699,36437,0.96,3354.8,3345.69,26280,206.5,197.57,119.5,0.75,0.67,0.62,2
closest_package_first,3,2,200,7757,7555,102044.65,6280.9,12725,35366,0.93,3242.55,3170.51,25320,32.0,225.8,296.25,0.55,0.67,0.56,11
closest_package_first,4,2,200,9176,8992,121500.74,6452.52,14391,39333,0.91,3590.32,3622.85,27360,241.95,306.75,132.12,0.74,0.71,0.56,24
closest_package_first,5,2,200,7167,6974,101631.5,6314.12,12622,35567,0.94,3264.07,3224.98,25560,130.5,158.0,275.67,0.71,0.67,0.67,4
closest_package_first,6,2,200,7622,7431,103460.96,7806.99,12620,35856,0.95,3308.56,3283.22,25680,66.95,129.0,124.0,0.68,0.67,0.62,7
closest_package_first,7,2,200,7102,6918,105517.67,5810.8,13078,37375,0.95,3328.14,3382.74,27000,149.69,133.38,285.75,0.78,0.75,0.62,4
closest_package_first,8,2,200,7961,7762,107622.57,6031.22,13384,37242,0.93,3376.53,3314.91,26640,184.44,306.14,199.5,0.83,0.67,0.62,11
closest_package_first,9,2,200,8187,8000,110710.89,6306.67,13317,37410,0.94,3320.45,3303.28,26520,93.95,95.12,154.25,0.68,0.67,0.62,13
closest_package_first,0,2,500,18394,18186,190857.28,13954.83,31914,85572,0.89,7901.38,8000.63,66960,88.09,208.05,148.73,0.69,0.68,0.59,125
closest_package_first,1,2,500,18931,18796,184565.57,14038.29,31204,84033,0.9,7954.86,7788.08,66000,138.05,142.45,93.56,0.72,0.7,0.56,107
closest_package_first,2,2,500,18427,18214,188029.86,15682.28,31534,84948,0.9,7947.37,7876.66,66600,75.83,162.53,148.17,0.67,0.7,0.58,97
closest_package_first,3,2,500,15871,15660,173273.17,16075.43,29558,80974,0.91,7574.25,7476.73,64080,94.51,197.67,174.67,0.66,0.67,0.54,70
closest_package_first,4,2,500,16717,16500,186836.47,14443.05,31607,85076,0.9,7783.16,7778.85,66840,147.1,145.13,220.75,0.67,0.68,0.65,113
closest_package_first,5,2,500,17005,16869,179575.61,16431.82,30194,82921,0.92,7586.86,7628.27,65400,123.39,146.4,115.25,0.67,0.7,0.62,86
closest_package_first,6,2,500,16535,16395,174850.79,16185.93,30409,83495,0.92,7732.68,7807.67,66480,173.23,133.81,150.89,0.7,0.7,0.58,76
closest_package_first,7,2,500,18393,18174,196105.91,14908.34,32372,86591,0.89,8135.62,8029.73,67440,147.0,149.37,206.71,0.72,0.68,0.64,117
closest_package_first,8,2,500,17171,17034,187933.62,16151.91,31221,84829,0.91,7905.8,7945.29,66480,104.6,134.94,243.77,0.68,0.69,0.6,91
closest_package_first,9,2,500,17459,17262,182823.11,15418.85,31067,84442,0.91,7781.47,7753.18,66600,78.07,149.08,229.43,0.7,0.68,0.64,89
closest_package_first,0,3,50,1816,1635,28400.82,2666.5,3217,8806,0.91,802.22,814.1,6000,0.0,-10,-10,0.5,-10,-10,0
closest_package_first,1,3,50,1947,1805,33569.89,2555.4,3410,9676,0.95,888.7,865.78,6360,15.9,253.0,-10,0.55,0.56,-10,0
closest_package_first,2,3,50,2123,1958,33001.7,2669.4,3408,9503,0.93,898.9,905.6,6240,63.75,10.0,-10,0.56,0.67,-10,0
closest_package_first,3,3,50,2097,1933,30759.11,2277.62,3484,9282,0.89,850.96,867.42,6240,141.33,366.0,-10,0.67,0.67,-10,0
closest_package_first,4,3,50,1941,1720,27792.24,2663.82,3328,8744,0.88,804.33,809.56,6000,0.0,-10,-10,0.5,-10,-10,0
closest_package_first,5,3,50,2435,2270,29858.16,2640.25,3438,9309,0.9,971.43,949.46,6360,128.0,-10,267.0,0.6,-10,0.75,0
closest_package_first,6,3,50,2027,1850,35329.36,2172.82,3688,10097,0.91,911.54,906.18,6600,194.33,657.0,157.5,0.67,0.67,0.62,0
closest_package_first,7,3,50,2023,1830,31252.64,2737.84,3379,9445,0.93,869.0,877.96,6360,0.0,92.5,41.5,0.5,0.5,0.5,0
closest_package_first,8,3,50,2076,1874,28224.77,3099.96,3383,9031,0.89,866.68,911.44,6240,0.0,334.5,-10,0.5,0.67,-10,0
closest_package_first,9,3,50,2221,2041,31054.22,2959.0,3805,9549,0.84,895.77,907.16,6480,76.33,192.0,555.0,0.67,0.67,0.5,0
closest_package_first,0,3,100,3914,3714,62468.14,2646.48,6581,19251,0.98,1621.69,1608.56,13080,85.39,276.0,123.0,0.67,0.67,0.5,0
closest_package_first,1,3,100,3535,3363,61531.3,2508.64,6670,19386,0.97,1634.35,1622.5,13320,259.29,229.29,258.67,0.71,0.52,0.58,0
closest_package_first,2,3,100,3604,3406,63268.07,2630.99,6566,19209,0.98,1611.63,1591.09,12960,44.67,38.5,553.5,0.67,0.5,0.56,0
closest_package_first,3,3,100,3467,3313,58198.81,2031.3,6643,18824,0.94,1598.77,1571.41,13080,134.18,409.0,536.0,0.68,0.67,0.5,0
closest_package_first,4,3,100,3611,3438,57450.84,2404.78,6531,18268,0.93,1536.03,1553.93,12600,145.33,476.0,673.0,0.61,0.67,0.5,0
closest_package_first,5,3,100,3757,3557,61246.36,2856.36,6805,18529,0.91,1575.74,1548.16,12480,20.62,364.25,-10,0.56,0.58,-10,0
closest_package_first,6,3,100,4019,3839,61244.69,2495.48,6959,19133,0.92,1590.46,1661.9,13080,124.0,146.33,359.0,0.68,0.56,0.62,0
closest_package_first,7,3,100,4010,3858,59456.18,2271.2,6734,18587,0.92,1599.32,1595.26,12720,121.62,198.4,42.0,0.69,0.47,0.5,0
closest_package_first,8,3,100,3656,3450,61226.54,2586.48,6624,18768,0.94,1567.97,1579.1,12720,171.88,122.0,362.0,0.62,0.67,0.75,0
closest_package_first,9,3,100,3709,3506,65083.97,2681.72,6745,19391,0.96,1682.6,1654.97,12960,47.0,166.0,298.5,0.65,0.42,0.62,0
closest_package_first,0,3,200,6819,6622,79748.77,6432.7,12321,34586,0.94,3159.97,3144.21,26760,164.44,235.45,314.25,0.78,0.58,0.56,0
closest_package_first,1,3,200,6691,6498,83780.57,6335.12,12356,35349,0.95,3214.56,3175.45,27120,174.39,366.25,104.0,0.7,0.72,0.5,0
closest_package_first,2,3,200,6822,6636,78846.74,8136.58,11786,33654,0.95,3126.22,3127.47,25920,158.44,188.14,117.0,0.75,0.52,0.62,0
closest_package_first,3,3,200,7005,6803,76078.17,6280.9,11663,33023,0.94,3075.31,3021.45,25560,315.36,190.8,207.75,0.77,0.53,0.5,2
closest_package_first,4,3,200,7566,7389,85624.95,6452.52,12506,35053,0.93,3248.86,3262.29,26640,161.84,453.88,228.88,0.66,0.58,0.56,1
closest_package_first,5,3,200,6471,6278,76053.65,6314.12,11342,32673,0.96,3004.14,2982.17,25200,117.79,937.5,118.0,0.64,0.83,0.5,0
closest_package_first,6,3,200,6988,6797,75782.27,7806.99,11473,32509,0.94,3121.59,3101.7,25080,123.21,202.75,153.5,0.61,0.58,0.5,0
closest_package_first,7,3,200,6641,6465,77206.8,5810.8,11820,33615,0.95,3053.75,3108.15,26040,133.06,227.38,292.0,0.75,0.54,0.5,0
closest_package_first,8,3,200,6897,6711,78607.31,6031.22,11655,33407,0.96,3065.4,3002.55,25680,184.5,62.29,161.5,0.69,0.57,0.5,0
closest_package_first,9,3,200,7289,7103,82674.49,6306.67,12236,34386,0.94,3099.49,3102.41,26280,219.95,213.12,142.75,0.76,0.54,0.5,1
closest_package_first,0,3,500,16353,16145,139953.17,13954.83,28554,78646,0.92,7259.52,7362.01,65040,147.6,319.48,213.73,0.63,0.6,0.5,47
closest_package_first,1,3,500,16737,16602,129517.03,14038.29,27507,76792,0.93,7368.77,7204.95,64200,66.77,233.27,176.33,0.63,0.58,0.56,19
closest_package_first,2,3,500,16457,16244,142072.36,15682.28,28230,78740,0.93,7245.39,7181.76,64920,85.63,204.53,205.33,0.65,0.56,0.5,46
closest_package_first,3,3,500,14601,14474,128484.99,16075.43,27194,76318,0.94,7165.48,7076.34,63840,93.35,232.47,223.33,0.7,0.58,0.5,21
closest_package_first,4,3,500,15002,14784,135530.02,14443.05,28110,78454,0.93,7205.44,7202.55,65280,124.05,196.26,299.0,0.67,0.55,0.56,33
closest_package_first,5,3,500,15228,15092,128443.95,16431.82,27142,76204,0.94,7157.93,7194.76,63720,102.0,153.8,136.75,0.61,0.57,0.56,11
closest_package_first,6,3,500,14876,14736,125915.78,16185.93,27032,76872,0.95,7192.14,7257.89,64680,116.15,147.19,145.11,0.66,0.57,0.5,10
closest_package_first,7,3,500,16022,15803,137071.48,14908.34,28046,78608,0.93,7381.13,7287.44,65280,116.85,237.17,424.71,0.62,0.6,0.57,23
closest_package_first,8,3,500,15152,15016,132932.61,16151.91,27760,78915,0.95,7275.86,7308.67,66000,153.25,305.11,195.69,0.7,0.65,0.52,21
closest_package_first,9,3,500,15677,15480,132622.7,15418.85,27622,77809,0.94,7254.03,7240.95,64920,140.05,331.58,395.71,0.67,0.59,0.5,24
closest_package_first,0,4,50,2206,2004,25256.16,2666.5,3466,8495,0.82,781.78,793.26,6000,0.0,-10,-10,0.5,-10,-10,0
closest_package_first,1,4,50,1867,1705,27248.06,2555.4,3262,9284,0.95,881.73,854.8,6600,115.6,83.67,-10,0.7,0.44,-10,0
closest_package_first,2,4,50,2020,1874,27916.04,2669.4,3209,8756,0.91,825.87,832.52,6000,0.0,0.0,-10,0.5,0.33,-10,0
closest_package_first,3,4,50,1888,1724,25688.08,2277.62,3311,8775,0.88,794.13,803.92,6240,170.0,0.0,-10,0.83,0.33,-10,0
closest_package_first,4,4,50,1906,1761,22582.11,2663.82,3205,8344,0.87,788.69,795.14,6120,118.5,-10,-10,0.75,-10,-10,0
closest_package_first,5,4,50,2445,2281,25956.82,2640.25,3418,8678,0.85,939.88,914.04,6120,37.8,-10,0.0,0.6,-10,0.25,0
closest_package_first,6,4,50,1954,1777,31090.2,2172.82,3460,9315,0.9,841.33,840.14,6240,0.0,360.0,29.5,0.5,0.67,0.38,0
closest_package_first,7,4,50,2089,1896,30684.15,2737.84,3441,9395,0.91,836.34,836.88,6360,51.25,20.0,148.5,0.62,0.5,0.38,0
closest_package_first,8,4,50,2052,1866,27840.03,3099.96,3331,8750,0.88,812.84,845.4,6000,0.0,0.0,-10,0.5,0.33,-10,0
closest_package_first,9,4,50,2019,1881,26871.94,2959.0,3271,8891,0.91,825.2,851.52,6240,0.0,209.0,336.0,0.5,0.5,0.5,0
closest_package_first,0,4,100,3803,3603,54290.48,2646.48,6260,18205,0.97,1542.92,1556.02,12840,126.44,187.0,98.5,0.64,0.67,0.38,0
closest_package_first,1,4,100,3629,3457,52068.19,2508.64,6839,18328,0.89,1533.56,1555.41,13200,329.43,280.57,297.0,0.71,0.57,0.42,0
closest_package_first,2,4,100,3172,2983,48443.23,2630.99,5974,17258,0.96,1505.95,1496.8,12480,21.33,0.0,282.25,0.58,0.33,0.44,0
closest_package_first,3,4,100,3354,3202,48513.58,2031.3,6291,17623,0.93,1490.31,1479.05,12840,147.27,174.5,503.0,0.64,0.5,0.5,0
closest_package_first,4,4,100,3627,3451,46919.94,2404.78,6075,16982,0.93,1474.87,1472.96,12360,116.33,138.5,0.0,0.61,0.5,0.25,0
closest_package_first,5,4,100,3489,3271,51479.76,2856.36,6324,17558,0.93,1520.09,1491.69,12480,5.38,331.5,-10,0.56,0.58,-10,0
closest_package_first,6,4,100,3450,3291,50575.76,2495.48,6099,17711,0.97,1460.55,1541.84,12720,69.27,11.33,428.5,0.64,0.44,0.5,0
closest_package_first,7,4,100,3673,3521,49819.76,2271.2,6468,17632,0.91,1524.41,1511.25,12720,51.88,223.4,106.0,0.62,0.53,0.5,0
closest_package_first,8,4,100,3368,3162,52377.53,2586.48,6204,17652,0.95,1476.98,1489.29,12480,309.38,0.0,262.0,0.69,0.33,0.5,0
closest_package_first,9,4,100,3289,3082,50627.78,2681.72,6166,17710,0.96,1545.18,1528.8,12720,63.62,146.5,173.0,0.62,0.5,0.38,0
closest_package_first,0,4,200,6246,6049,68188.28,6432.7,11672,32239,0.92,3086.17,3068.43,25560,142.83,133.09,538.75,0.64,0.42,0.56,0
closest_package_first,1,4,200,6210,6031,66786.23,6335.12,11254,32105,0.95,2938.7,2908.99,25560,78.87,273.75,181.0,0.57,0.56,0.42,0
closest_package_first,2,4,200,6264,6082,63717.91,8136.58,11380,30956,0.91,3028.95,3017.97,24720,78.61,126.43,267.5,0.61,0.38,0.38,0
closest_package_first,3,4,200,6475,6287,63690.88,6280.9,11034,30962,0.94,2898.65,2831.43,24720,17.91,239.0,189.5,0.55,0.47,0.44,0
closest_package_first,4,4,200,6816,6636,71214.84,6452.52,11298,32427,0.96,2992.92,3026.36,25440,166.37,24.38,462.88,0.61,0.38,0.47,0
closest_package_first,5,4,200,6202,6024,63610.35,6314.12,10863,31079,0.95,2921.66,2905.19,24840,168.43,376.5,117.67,0.57,0.67,0.5,0
closest_package_first,6,4,200,6656,6472,64677.36,7806.99,10997,31410,0.95,2998.22,2969.05,25080,44.58,244.25,190.0,0.58,0.67,0.5,0
closest_package_first,7,4,200,6352,6175,66779.26,5810.8,11168,31384,0.94,2905.93,2950.04,24840,88.12,101.88,289.5,0.59,0.38,0.44,0
closest_package_first,8,4,200,6618,6432,66956.08,6031.22,11433,32246,0.94,3007.7,2959.51,25680,135.83,356.86,458.0,0.64,0.62,0.62,0
closest_package_first,9,4,200,7010,6831,67243.39,6306.67,11615,32025,0.92,3011.9,3000.89,25440,88.79,95.25,130.0,0.66,0.5,0.38,0
closest_package_first,0,4,500,15240,15041,108983.09,13954.83,26510,74386,0.94,6853.94,6942.77,63840,104.89,170.52,226.09,0.64,0.48,0.43,11
closest_package_first,1,4,500,15770,15640,103732.25,14038.29,26563,72923,0.92,7162.95,7015.29,62880,96.02,131.64,153.44,0.62,0.45,0.39,8
closest_package_first,2,4,500,15066,14853,106908.69,15682.28,26308,73933,0.94,7093.88,7032.99,63600,92.94,147.11,198.42,0.63,0.46,0.44,4
closest_package_first,3,4,500,13800,13601,103299.42,16075.43,25517,71919,0.94,6884.62,6801.25,61920,73.59,242.53,156.83,0.57,0.51,0.38,0
closest_package_first,4,4,500,14233,14020,106673.16,14443.05,26392,74522,0.94,6807.53,6811.48,64200,124.86,143.17,346.25,0.62,0.49,0.54,2
closest_package_first,5,4,500,14190,14054,101912.75,16431.82,25323,71543,0.94,6806.61,6843.51,61680,65.73,86.45,347.75,0.58,0.4,0.41,0
closest_package_first,6,4,500,14255,14117,101344.55,16185.93,25723,72540,0.94,6883.56,6939.72,62760,63.72,115.38,204.33,0.6,0.48,0.39,0
closest_package_first,7,4,500,14995,14782,110488.25,14908.34,26664,74307,0.93,7107.96,7011.24,63600,91.8,131.7,409.14,0.61,0.47,0.54,0
closest_package_first,8,4,500,14359,14223,107089.48,16151.91,25963,73964,0.95,6907.24,6949.1,63600,155.58,253.67,211.69,0.64,0.52,0.38,0
closest_package_first,9,4,500,14279,14082,103550.51,15418.85,25574,73259,0.95,6901.22,6877.61,63240,103.86,138.73,422.29,0.64,0.46,0.43,0
most_packages_first,0,1,50,2396,2194,51737.79,2666.5,4025,11248,0.93,1103.88,1121.8,6120,606.0,-10,-10,1.0,-10,-10,0
most_packages_first,1,1,50,2975,2810,72293.4,2555.4,5343,15080,0.94,1433.88,1738.06,7920,1072.0,1185.0,-10,1.0,1.0,-10,0
most_packages_first,2,1,50,3024,2845,68714.35,2669.4,4816,14012,0.97,1338.37,1536.2,7200,833.0,834.0,-10,1.0,1.0,-10,0
most_packages_first,3,1,50,2625,2461,62617.33,2277.62,4515,12812,0.95,1206.64,1298.08,6600,1128.67,1464.0,-10,1.0,1.0,-10,0
most_packages_first,4,1,50,2405,2260,51410.8,2663.82,4096,11324,0.92,1103.37,1138.68,6240,718.0,-10,-10,1.0,-10,-10,0
most_packages_first,5,1,50,3399,3217,61939.03,2640.25,4648,13090,0.94,1401.19,1569.66,6960,1182.6,-10,791.0,1.0,-10,1.0,0
most_packages_first,6,1,50,2666,2503,72981.18,2172.82,5041,14564,0.96,1349.64,1558.38,7320,909.33,1032.0,1754.0,1.0,1.0,1.0,0
most_packages_first,7,1,50,2909,2762,70297.26,2737.84,5047,14646,0.97,1370.39,1635.56,7680,1169.0,1238.0,1046.0,1.0,1.0,1.0,0
most_packages_first,8,1,50,2794,2592,61323.96,3099.96,4401,12798,0.97,1242.07,1356.34,6720,680.0,976.0,-10,1.0,1.0,-10,0
most_packages_first,9,1,50,2700,2520,62338.44,2959.0,4650,13372,0.96,1250.28,1430.68,7200,849.33,601.5,737.0,1.0,1.0,1.0,0
most_packages_first,0,1,100,7151,6991,141024.71,2646.48,11247,29108,0.86,2815.55,3342.63,15120,2413.22,3897.0,3646.5,1.0,1.0,1.0,33
most_packages_first,1,1,100,5936,5780,140789.43,2508.64,11370,29532,0.87,2702.84,3298.31,15600,2744.43,3312.57,2814.0,1.0,1.0,1.0,34
most_packages_first,2,1,100,6609,6470,143914.16,2630.99,11077,28908,0.87,2669.72,3073.83,14640,2246.83,3522.0,3637.25,1.0,1.0,1.0,31
most_packages_first,3,1,100,5405,5284,132200.46,2031.3,10488,27978,0.89,2566.23,3038.24,14880,2690.36,3072.5,2423.33,1.0,1.0,1.0,26
most_packages_first,4,1,100,5926,5756,129481.84,2404.78,10153,26740,0.88,2424.41,2741.86,13920,1963.33,3600.5,3259.0,1.0,1.0,1.0,21
most_packages_first,5,1,100,6084,5923,135090.67,2856.36,10502,27302,0.87,2543.35,2869.38,13920,2534.25,3367.0,-10,1.0,1.0,-10,23
most_packages_first,6,1,100,6306,6154,141264.61,2495.48,11114,28762,0.86,2577.6,3039.93,14760,2244.27,2342.0,2342.0,1.0,1.0,1.0,33
most_packages_first,7,1,100,6548,6396,138580.06,2271.2,10828,28256,0.87,2657.19,3096.97,14520,2259.75,2329.0,1507.0,1.0,1.0,1.0,32
most_packages_first,8,1,100,6199,5990,138119.64,2586.48,10688,27492,0.86,2482.23,2787.67,13800,2854.38,3246.0,797.0,1.0,1.0,1.0,21
most_packages_first,9,1,100,7214,7035,153502.18,2681.72,12159,30456,0.83,2879.37,3427.07,15240,2953.0,2772.0,3495.0,1.0,1.0,1.0,41
most_packages_first,0,1,200,10142,9944,182586.91,6432.7,18796,48244,0.86,4636.2,5112.09,30240,2185.22,2522.73,2804.75,1.0,1.0,1.0,107
most_packages_first,1,1,200,10265,10101,190347.13,6335.12,19545,49516,0.84,4724.57,5213.94,30720,2875.91,3006.92,2768.67,1.0,1.0,1.0,105
most_packages_first,2,1,200,10421,10239,178594.68,8136.58,17860,46184,0.86,4454.76,4783.88,28560,2474.5,2258.43,2876.0,1.0,1.0,1.0,84
most_packages_first,3,1,200,10983,10781,170622.36,6280.9,17389,44798,0.86,4371.36,4537.6,27960,2182.0,2422.2,3366.25,1.0,1.0,1.0,84
most_packages_first,4,1,200,13136,12958,196094.31,6452.52,20120,50438,0.84,5094.51,5690.07,31080,2080.26,3300.75,3773.5,1.0,1.0,1.0,106
most_packages_first,5,1,200,9890,9707,172630.35,6314.12,17339,44282,0.85,4233.81,4467.94,27240,1762.86,1996.5,2018.33,1.0,1.0,1.0,83
most_packages_first,6,1,200,10826,10640,174526.28,7806.99,17533,45174,0.86,4430.32,4704.33,27960,2130.79,2440.0,2684.0,1.0,1.0,1.0,77
most_packages_first,7,1,200,9844,9673,179422.64,5810.8,18274,46970,0.86,4409.91,4824.79,29280,1974.94,2566.0,2860.0,1.0,1.0,1.0,91
most_packages_first,8,1,200,10818,10625,178365.37,6031.22,18011,46170,0.85,4445.46,4774.4,28560,1974.89,1837.29,2735.5,1.0,1.0,1.0,92
most_packages_first,9,1,200,11654,11467,185223.38,6306.67,18916,47910,0.84,4624.41,5077.47,29640,2415.32,2256.5,3028.0,1.0,1.0,1.0,96
most_packages_first,0,1,500,23182,22996,293624.08,13954.83,41100,104296,0.85,10241.6,10801.49,75600,2075.51,2343.43,2555.91,1.0,1.0,1.0,346
most_packages_first,1,1,500,23634,23502,282527.17,14038.29,39390,100766,0.85,10052.95,10147.79,73080,2186.63,1542.27,2478.67,1.0,1.0,1.0,324
most_packages_first,2,1,500,23769,23564,295711.13,15682.28,41021,104062,0.85,10309.41,10628.2,75120,2011.44,2138.16,2772.08,1.0,1.0,1.0,335
most_packages_first,3,1,500,19975,19764,275217.52,16075.43,37814,97122,0.86,9478.12,9640.31,70200,1450.84,2148.53,2844.33,1.0,1.0,1.0,289
most_packages_first,4,1,500,21272,21054,288154.92,14443.05,40559,103082,0.85,10041.32,10476.93,74880,1897.43,1980.61,2494.67,1.0,1.0,1.0,329
most_packages_first,5,1,500,21414,21279,280434.11,16431.82,38471,99086,0.86,9744.42,10123.34,71640,1990.76,1823.4,1798.12,1.0,1.0,1.0,295
most_packages_first,6,1,500,21336,21199,279465.86,16185.93,39266,101210,0.86,9941.0,10354.09,73920,1726.51,2173.86,1869.78,1.0,1.0,1.0,305
most_packages_first,7,1,500,23039,22823,299165.06,14908.34,41372,104530,0.84,10343.02,10651.93,75240,1800.57,2597.2,2786.71,1.0,1.0,1.0,337
most_packages_first,8,1,500,21928,21791,296996.25,16151.91,40751,103852,0.85,10254.96,10729.46,74760,2237.04,2407.28,1945.0,1.0,1.0,1.0,333
most_packages_first,9,1,500,22065,21875,286284.17,15418.85,39824,101838,0.85,9892.19,10245.27,73800,2199.74,2078.92,2358.29,1.0,1.0,1.0,308
most_packages_first,0,2,50,2123,1921,32320.95,2666.5,3403,9200,0.9,907.57,921.56,6000,0.0,-10,-10,0.5,-10,-10,0
most_packages_first,1,2,50,2127,1966,43247.25,2555.4,3661,10639,0.97,940.02,1115.52,6360,0.0,786.67,-10,0.5,0.67,-10,0
most_packages_first,2,2,50,2232,2053,39437.57,2669.4,3566,10024,0.94,915.17,1032.78,6120,0.0,518.0,-10,0.5,0.67,-10,0
most_packages_first,3,2,50,1960,1796,36563.4,2277.62,3507,9742,0.93,908.56,974.26,6120,0.0,977.0,-10,0.5,0.67,-10,0
most_packages_first,4,2,50,1843,1698,30945.58,2663.82,3231,9055,0.93,884.6,911.16,6000,0.0,-10,-10,0.5,-10,-10,0
most_packages_first,5,2,50,2542,2360,36240.18,2640.25,3607,9703,0.9,995.41,1105.26,6120,0.0,-10,0.0,0.5,-10,0.5,0
most_packages_first,6,2,50,2153,1976,42352.87,2172.82,3867,10555,0.91,946.77,1085.48,6360,0.0,568.0,246.0,0.5,0.67,0.5,0
most_packages_first,7,2,50,2245,2098,41470.92,2737.84,4026,10584,0.88,940.2,1113.06,6480,0.0,955.0,70.5,0.5,0.67,0.5,0
most_packages_first,8,2,50,2211,2009,38376.35,3099.96,3580,10037,0.93,960.04,1044.68,6240,0.0,705.5,-10,0.5,0.67,-10,0
most_packages_first,9,2,50,2233,2053,37526.8,2959.0,3659,10071,0.92,910.22,1034.86,6360,0.0,473.5,0.0,0.5,0.67,0.5,0
most_packages_first,0,2,100,4249,4089,78953.23,2646.48,6956,20177,0.97,1715.39,1996.08,12360,0.0,2657.0,623.5,0.5,0.67,0.5,0
most_packages_first,1,2,100,3865,3716,79050.13,2508.64,7229,21007,0.97,1741.53,2122.59,13200,0.0,2199.57,488.0,0.5,0.67,0.5,0
most_packages_first,2,2,100,3989,3791,80517.6,2630.99,7206,20688,0.96,1733.54,1995.87,12720,0.0,2126.0,643.75,0.5,0.67,0.5,0
most_packages_first,3,2,100,3593,3469,74303.42,2031.3,6827,19947,0.97,1663.46,1952.46,12600,0.0,2121.0,283.33,0.5,0.67,0.5,0
most_packages_first,4,2,100,3815,3687,72354.01,2404.78,6740,19508,0.96,1652.29,1859.29,12360,0.0,2564.5,350.0,0.5,0.67,0.5,0
most_packages_first,5,2,100,3902,3738,75905.31,2856.36,7029,19982,0.95,1727.58,1943.54,12480,0.0,2258.5,-10,0.5,0.67,-10,0
most_packages_first,6,2,100,4073,3893,80480.96,2495.48,7274,20566,0.94,1651.13,1933.04,12600,0.0,1682.33,342.5,0.5,0.67,0.5,0
most_packages_first,7,2,100,4244,4092,78920.7,2271.2,7184,20529,0.95,1748.26,2034.83,12720,0.0,1628.4,207.0,0.5,0.67,0.5,0
most_packages_first,8,2,100,3962,3753,77228.94,2586.48,6941,19996,0.96,1698.7,1899.17,12360,0.0,2366.5,0.0,0.5,0.67,0.5,0
most_packages_first,9,2,100,4069,3892,85313.14,2681.72,7299,21161,0.97,1765.61,2084.98,12720,0.0,1728.25,594.5,0.5,0.67,0.5,0
most_packages_first,0,2,200,6713,6523,102593.55,6432.7,12352,35889,0.97,3195.86,3483.61,25800,0.0,1608.64,305.5,0.5,0.67,0.5,3
most_packages_first,1,2,200,6722,6558,107327.39,6335.12,12651,36370,0.96,3197.71,3469.45,25800,0.0,1915.08,374.0,0.5,0.67,0.5,4
most_packages_first,2,2,200,6878,6693,99816.56,8136.58,12132,34896,0.96,3227.49,3434.83,25080,0.0,1532.14,286.5,0.5,0.67,0.5,0
most_packages_first,3,2,200,7490,7288,98895.83,6280.9,12231,34809,0.95,3211.1,3299.59,25080,0.0,1581.4,379.5,0.5,0.67,0.5,5
most_packages_first,4,2,200,9194,9016,120088.49,6452.52,14013,37751,0.9,3387.32,3749.32,25920,0.0,2016.38,527.62,0.5,0.67,0.5,32
most_packages_first,5,2,200,6854,6671,99010.39,6314.12,12208,34349,0.94,3140.96,3292.11,24600,0.0,1417.5,126.0,0.5,0.67,0.5,3
most_packages_first,6,2,200,7452,7276,99070.01,7806.99,12161,34467,0.94,3190.85,3365.99,24720,0.0,1788.25,279.5,0.5,0.67,0.5,4
most_packages_first,7,2,200,6841,6670,101692.15,5810.8,12431,35435,0.95,3112.59,3373.53,25440,0.0,1613.25,287.5,0.5,0.67,0.5,1
most_packages_first,8,2,200,7624,7431,104479.41,6031.22,12626,35368,0.93,3144.47,3349.07,25080,0.0,1232.43,318.5,0.5,0.67,0.5,11
most_packages_first,9,2,200,7978,7791,107799.27,6306.67,12848,36047,0.94,3183.06,3449.71,25440,0.0,1420.88,327.75,0.5,0.67,0.5,10
most_packages_first,0,2,500,17588,17395,188158.45,13954.83,30447,82189,0.9,7415.59,7792.8,63840,0.0,1711.19,314.91,0.5,0.67,0.5,138
most_packages_first,1,2,500,17740,17608,174936.12,14038.29,29144,79486,0.91,7471.82,7513.96,62400,0.0,1230.27,273.78,0.5,0.67,0.5,97
most_packages_first,2,2,500,17783,17586,185291.19,15682.28,30220,81804,0.9,7533.99,7738.22,63720,0.0,1540.79,361.25,0.5,0.67,0.5,109
most_packages_first,3,2,500,15377,15208,170281.55,16075.43,28708,79119,0.92,7331.68,7432.75,62520,0.0,1514.13,262.17,0.5,0.67,0.5,82
most_packages_first,4,2,500,15991,15774,181639.14,14443.05,30128,81924,0.91,7378.7,7677.0,64200,0.0,1456.0,318.75,0.5,0.67,0.5,128
most_packages_first,5,2,500,16095,15960,168864.33,16431.82,28705,79818,0.93,7309.14,7575.03,63360,0.0,1297.3,230.38,0.5,0.67,0.5,67
most_packages_first,6,2,500,15816,15690,168972.65,16185.93,28873,80038,0.92,7359.55,7634.91,63600,0.0,1570.71,229.89,0.5,0.67,0.5,73
most_packages_first,7,2,500,17404,17188,189617.78,14908.34,30796,82952,0.9,7656.04,7851.34,64440,0.0,1738.87,396.29,0.5,0.67,0.5,126
most_packages_first,8,2,500,16319,16182,181326.49,16151.91,29806,81418,0.91,7435.06,7740.73,63720,0.0,1682.56,254.92,0.5,0.67,0.5,97
most_packages_first,9,2,500,16816,16626,179240.89,15418.85,29843,81456,0.91,7406.53,7646.12,63960,0.0,1468.08,355.29,0.5,0.67,0.5,103
most_packages_first,0,3,50,1785,1639,27113.78,2666.5,3144,8681,0.92,858.06,871.06,6000,0.0,-10,-10,0.5,-10,-10,0
most_packages_first,1,3,50,1781,1630,30470.8,2555.4,3227,9250,0.96,818.64,954.74,6240,132.8,0.0,-10,0.6,0.33,-10,0
most_packages_first,2,3,50,2165,2000,32777.82,2669.4,3390,9363,0.92,849.38,955.02,6120,28.75,0.0,-10,0.56,0.33,-10,0
most_packages_first,3,3,50,1976,1812,28344.44,2277.62,3338,8803,0.88,823.51,880.7,6000,0.0,0.0,-10,0.5,0.33,-10,0
most_packages_first,4,3,50,1781,1618,26955.03,2663.82,3188,8660,0.91,840.1,864.88,6000,0.0,-10,-10,0.5,-10,-10,0
most_packages_first,5,3,50,2499,2331,28527.34,2640.25,3520,9055,0.86,928.07,1034.46,6240,0.8,-10,343.0,0.6,-10,0.5,0
most_packages_first,6,3,50,2015,1838,33809.34,2172.82,3542,9585,0.9,847.33,974.0,6240,0.0,0.0,963.0,0.5,0.33,0.5,0
most_packages_first,7,3,50,2123,1976,33120.23,2737.84,3584,9514,0.88,822.48,972.78,6240,0.0,0.0,669.0,0.5,0.33,0.5,0
most_packages_first,8,3,50,2119,1917,28310.28,3099.96,3304,8796,0.89,852.32,924.04,6000,0.0,0.0,-10,0.5,0.33,-10,0
most_packages_first,9,3,50,2040,1900,28142.49,2959.0,3340,8897,0.89,813.95,923.44,6120,0.0,0.0,337.0,0.5,0.33,0.5,0
most_packages_first,0,3,100,3812,3640,59491.67,2646.48,6440,18238,0.94,1525.21,1764.9,12360,69.39,0.0,2312.5,0.53,0.33,0.5,0
most_packages_first,1,3,100,3534,3378,59542.72,2508.64,6573,18232,0.92,1438.17,1746.6,12360,0.0,0.0,1504.0,0.5,0.33,0.5,0
most_packages_first,2,3,100,3524,3344,61068.1,2630.99,6523,18513,0.95,1511.27,1753.88,12480,0.0,0.0,2007.5,0.5,0.33,0.5,0
most_packages_first,3,3,100,3226,3111,53594.01,2031.3,6054,17648,0.97,1456.25,1704.77,12360,0.0,0.0,1586.33,0.5,0.33,0.5,0
most_packages_first,4,3,100,3617,3447,54702.25,2404.78,6130,17514,0.95,1469.04,1646.02,12120,0.0,0.0,2116.0,0.5,0.33,0.5,0
most_packages_first,5,3,100,3474,3314,56181.08,2856.36,6323,17668,0.93,1502.71,1682.29,12120,238.62,0.0,-10,0.56,0.33,-10,0
most_packages_first,6,3,100,3633,3455,59870.87,2495.48,6492,18272,0.94,1470.24,1716.3,12360,77.09,0.0,1571.0,0.55,0.33,0.5,0
most_packages_first,7,3,100,3752,3615,57663.78,2271.2,6312,17814,0.94,1479.81,1711.63,12120,0.0,0.0,1069.0,0.5,0.33,0.5,0
most_packages_first,8,3,100,3527,3321,58474.31,2586.48,6268,18017,0.96,1499.06,1669.38,12240,245.25,0.0,442.0,0.56,0.33,0.5,0
most_packages_first,9,3,100,3605,3426,61992.95,2681.72,6510,18601,0.95,1526.42,1792.47,12480,252.62,0.0,933.0,0.58,0.33,0.5,0
most_packages_first,0,3,200,6178,5980,77094.07,6432.7,11307,32044,0.94,2837.33,3076.05,24480,0.0,0.0,1785.25,0.5,0.33,0.5,0
most_packages_first,1,3,200,6076,5927,78514.0,6335.12,11134,32193,0.96,2836.91,3053.97,24480,1.04,0.0,1322.67,0.52,0.33,0.5,0
most_packages_first,2,3,200,6393,6208,74926.64,8136.58,11160,31710,0.95,2888.71,3066.41,24360,61.83,0.0,1833.5,0.53,0.33,0.5,0
most_packages_first,3,3,200,6739,6537,73783.44,6280.9,11207,31839,0.95,2941.68,3022.9,24600,103.45,0.0,1849.75,0.55,0.33,0.5,0
most_packages_first,4,3,200,7255,7077,82573.13,6452.52,11776,33311,0.94,2969.33,3279.28,25200,62.37,0.0,1887.5,0.55,0.33,0.5,3
most_packages_first,5,3,200,6108,5921,73431.15,6314.12,10830,31568,0.97,2831.89,2968.38,24360,0.0,0.0,1487.33,0.5,0.33,0.5,0
most_packages_first,6,3,200,6610,6429,73742.34,7806.99,11000,31586,0.96,2892.5,3049.11,24360,81.42,0.0,1050.5,0.53,0.33,0.5,0
most_packages_first,7,3,200,6277,6104,75325.38,5810.8,11057,31867,0.96,2798.66,3025.82,24480,0.0,0.0,1820.25,0.5,0.33,0.5,0
most_packages_first,8,3,200,6595,6396,76134.75,6031.22,11299,31719,0.94,2849.18,3020.25,24240,0.0,0.0,1178.5,0.5,0.33,0.5,0
most_packages_first,9,3,200,6858,6688,78016.43,6306.67,11310,32253,0.95,2884.75,3109.14,24600,105.0,0.0,1808.0,0.53,0.33,0.5,0
most_packages_first,0,3,500,15562,15364,134250.81,13954.83,26778,74846,0.93,6668.37,6988.37,61800,54.18,0.0,1327.82,0.54,0.33,0.5,41
most_packages_first,1,3,500,15877,15745,126740.4,14038.29,26272,73755,0.94,6907.85,6924.75,61440,92.88,0.0,1078.22,0.53,0.33,0.5,30
most_packages_first,2,3,500,15231,15038,128875.29,15682.28,26226,74067,0.94,6815.14,6977.46,61560,32.13,0.0,1481.67,0.51,0.33,0.5,21
most_packages_first,3,3,500,14396,14186,118601.6,16075.43,25791,72582,0.94,6856.12,6932.38,61080,79.76,0.0,1782.0,0.54,0.33,0.5,5
most_packages_first,4,3,500,13936,13727,127046.96,14443.05,26050,74021,0.95,6570.49,6819.78,61680,80.26,0.0,1365.58,0.52,0.33,0.5,34
most_packages_first,5,3,500,14250,14118,119167.83,16431.82,25295,72766,0.96,6652.15,6886.15,61200,99.97,0.0,1176.75,0.53,0.33,0.5,3
most_packages_first,6,3,500,14038,13909,118895.03,16185.93,25606,72835,0.95,6821.81,7057.95,61320,23.26,0.0,897.67,0.52,0.33,0.5,0
most_packages_first,7,3,500,14937,14721,131176.44,14908.34,26125,73827,0.94,6827.05,6965.17,61080,55.09,0.0,1594.0,0.52,0.33,0.5,23
most_packages_first,8,3,500,14386,14249,127706.3,16151.91,26120,74328,0.95,6749.55,7011.04,61920,75.44,0.0,1278.0,0.53,0.33,0.5,13
most_packages_first,9,3,500,14375,14194,125327.75,15418.85,25739,73027,0.95,6774.53,6958.03,60840,0.0,0.0,1463.71,0.5,0.33,0.5,16
most_packages_first,0,4,50,1943,1741,22330.36,2666.5,3102,8207,0.88,824.92,837.26,6000,0.0,-10,-10,0.5,-10,-10,0
most_packages_first,1,4,50,2033,1868,26881.79,2555.4,3345,8774,0.87,789.48,911.36,6120,66.0,0.0,-10,0.55,0.33,-10,0
most_packages_first,2,4,50,1967,1810,27547.0,2669.4,3080,8720,0.94,787.0,875.32,6000,0.0,0.0,-10,0.5,0.33,-10,0
most_packages_first,3,4,50,1818,1673,24507.27,2277.62,3137,8422,0.89,786.0,839.44,6000,0.0,0.0,-10,0.5,0.33,-10,0
most_packages_first,4,4,50,1925,1780,21813.76,2663.82,3246,8148,0.84,812.71,836.4,6000,0.0,-10,-10,0.5,-10,-10,0
most_packages_first,5,4,50,2520,2352,25374.59,2640.25,3482,8503,0.81,861.86,957.58,6000,0.0,-10,0.0,0.5,-10,0.25,0
most_packages_first,6,4,50,1907,1736,28646.19,2172.82,3355,8831,0.88,772.11,882.24,6000,0.0,0.0,0.0,0.5,0.33,0.25,0
most_packages_first,7,4,50,1804,1630,26692.86,2737.84,3121,8636,0.92,739.45,864.1,6000,0.0,0.0,0.0,0.5,0.33,0.25,0
most_packages_first,8,4,50,1969,1782,25735.09,3099.96,3191,8543,0.89,818.93,886.64,6000,0.0,0.0,-10,0.5,0.33,-10,0
most_packages_first,9,4,50,1967,1787,25522.39,2959.0,3277,8521,0.87,763.07,862.38,6000,0.0,0.0,0.0,0.5,0.33,0.25,0
most_packages_first,0,4,100,3603,3467,48714.5,2646.48,5974,17163,0.96,1434.76,1646.82,12360,196.33,0.0,0.0,0.58,0.33,0.25,0
most_packages_first,1,4,100,3268,3119,51376.32,2508.64,6072,17068,0.94,1316.49,1573.74,12000,0.0,0.0,0.0,0.5,0.33,0.25,0
most_packages_first,2,4,100,3217,3050,49233.06,2630.99,6030,16980,0.94,1377.32,1590.37,12120,198.67,0.0,0.0,0.58,0.33,0.25,0
most_packages_first,3,4,100,3044,2945,44594.01,2031.3,5763,16394,0.95,1329.25,1539.39,12000,0.0,0.0,0.0,0.5,0.33,0.25,0
most_packages_first,4,4,100,3395,3225,46953.74,2404.78,6066,16629,0.91,1382.35,1539.3,12000,0.0,0.0,0.0,0.5,0.33,0.25,0
most_packages_first,5,4,100,3184,3041,47216.63,2856.36,5815,16656,0.95,1402.48,1558.29,12000,0.0,0.0,-10,0.5,0.33,-10,0
most_packages_first,6,4,100,3267,3108,50357.66,2495.48,5934,16970,0.95,1342.98,1548.7,12000,0.0,0.0,0.0,0.5,0.33,0.25,0
most_packages_first,7,4,100,3406,3305,47060.83,2271.2,5969,16759,0.94,1397.27,1607.67,12120,251.12,0.0,0.0,0.56,0.33,0.25,0
most_packages_first,8,4,100,3374,3180,50599.95,2586.48,5864,16992,0.97,1400.57,1552.12,12000,0.0,0.0,0.0,0.5,0.33,0.25,0
most_packages_first,9,4,100,3331,3154,52689.11,2681.72,6112,17198,0.94,1381.76,1591.47,12000,0.0,0.0,0.0,0.5,0.33,0.25,0
most_packages_first,0,4,200,5802,5623,62321.39,6432.7,10660,30100,0.94,2694.41,2898.23,24000,0.0,0.0,0.0,0.5,0.33,0.25,0
most_packages_first,1,4,200,6030,5882,66895.65,6335.12,11167,31158,0.93,2784.55,2978.11,24600,371.48,0.0,0.0,0.61,0.33,0.25,0
most_packages_first,2,4,200,6068,5881,62261.11,8136.58,10779,30098,0.93,2783.5,2937.31,24000,0.0,0.0,0.0,0.5,0.33,0.25,0
most_packages_first,3,4,200,6260,6058,62085.96,6280.9,10672,30077,0.94,2804.74,2873.7,24000,0.0,0.0,0.0,0.5,0.33,0.25,0
most_packages_first,4,4,200,6616,6443,68489.53,6452.52,10779,30840,0.95,2735.47,2996.38,24120,42.0,0.0,0.0,0.53,0.33,0.25,0
most_packages_first,5,4,200,5954,5771,60364.88,6314.12,10664,29914,0.94,2764.87,2889.07,24000,0.0,0.0,0.0,0.5,0.33,0.25,0
most_packages_first,6,4,200,6235,6068,63042.55,7806.99,10680,30173,0.94,2805.07,2943.42,24000,0.0,0.0,0.0,0.5,0.33,0.25,0
most_packages_first,7,4,200,6238,6070,63055.36,5810.8,10877,30291,0.93,2697.05,2900.64,24120,35.56,0.0,0.0,0.53,0.33,0.25,0
most_packages_first,8,4,200,6479,6289,62731.64,6031.22,10840,30387,0.93,2746.53,2900.03,24240,60.67,0.0,0.0,0.56,0.33,0.25,0
most_packages_first,9,4,200,6514,6327,64515.25,6306.67,10660,30318,0.95,2717.85,2908.36,24000,0.0,0.0,0.0,0.5,0.33,0.25,0
most_packages_first,0,4,500,14162,13966,103206.34,13954.83,24954,70705,0.94,6360.31,6641.72,60720,105.95,7.29,0.0,0.55,0.35,0.25,4
most_packages_first,1,4,500,15027,14903,98406.69,14038.29,25399,70356,0.92,6921.67,6916.38,60840,164.5,0.0,0.0,0.56,0.33,0.25,0
most_packages_first,2,4,500,14616,14423,102877.64,15682.28,25495,70788,0.93,6754.3,6894.35,60840,113.52,8.79,0.0,0.56,0.35,0.25,2
most_packages_first,3,4,500,13335,13132,97872.82,16075.43,24347,69697,0.95,6582.97,6647.0,60240,13.7,0.0,0.0,0.53,0.33,0.25,0
most_packages_first,4,4,500,13439,13230,101664.68,14443.05,24952,70556,0.94,6337.69,6561.02,60720,76.74,15.04,0.0,0.55,0.36,0.25,7
most_packages_first,5,4,500,13985,13850,99997.24,16431.82,24794,70157,0.94,6546.57,6767.16,60480,146.27,0.0,0.0,0.56,0.33,0.25,0
most_packages_first,6,4,500,13764,13638,99037.71,16185.93,24938,69562,0.93,6558.65,6766.32,60000,0.0,0.0,0.0,0.5,0.33,0.25,0
most_packages_first,7,4,500,13909,13693,104101.89,14908.34,24945,70200,0.94,6558.05,6666.75,60120,33.5,0.0,0.0,0.51,0.33,0.25,1
most_packages_first,8,4,500,13845,13708,101018.82,16151.91,24926,70139,0.94,6548.24,6777.52,60360,54.04,0.0,0.0,0.53,0.33,0.25,0
most_packages_first,9,4,500,14008,13818,99824.47,15418.85,24574,69901,0.95,6540.76,6702.9,60240,60.6,0.0,0.0,0.52,0.33,0.25,0
